# English pattern	Estonian	Russian (plural forms one|few|many|other for {n})	Ukrainian
{n} on now	{n} praegu käimas	Сейчас идёт: {n}	Зараз триває: {n}
{n} places	{n} kohta	{n} место|{n} места|{n} мест|{n} места	{n} місце|{n} місця|{n} місць|{n} місця
{n} place	{n} koht	{n} место	{n} місце
{n} listed	{n} kuulutust	{n} событие|{n} события|{n} событий|{n} события	{n} подія|{n} події|{n} подій|{n} події
{n} listings	{n} kuulutust	{n} событие|{n} события|{n} событий|{n} события	{n} подія|{n} події|{n} подій|{n} події
{n} listing	{n} kuulutus	{n} событие	{n} подія
{n} min	{n} min	{n} мин	{n} хв
{n} min walk	{n} min jalgsi	{n} мин пешком	{n} хв пішки
{n} min walk from you	{n} min jalgsi sinu juurest	{n} мин пешком от вас	{n} хв пішки від вас
{n} h	{n} h	{n} ч	{n} год
till {t}	kuni {t}	до {t}	до {t}
till {d}	kuni {d}	до {d}	до {d}
Until {t}	Kuni {t}	До {t}	До {t}
Until {d}	Kuni {d}	До {d}	До {d}
Open till {t}	Avatud kuni {t}	Открыто до {t}	Відчинено до {t}
Opens {t}	Avaneb {t}	Откроется в {t}	Відчиниться о {t}
opens {t}	avaneb {t}	откроется в {t}	відчиниться о {t}
Opens {d}	Avaneb {d}	Откроется {d}	Відчиниться {d}
closes {t}	sulgub {t}	закроется в {t}	зачиниться о {t}
{d} to {d2}	{d} kuni {d2}	{d} — {d2}	{d} — {d2}
from {d}	alates {d}	с {d}	з {d}
about {h} h {m}	umbes {h} h {m}	около {h} ч {m}	близько {h} год {m}
about {h} h	umbes {h} h	около {h} ч	близько {h} год
about {m} min	umbes {m} min	около {m} мин	близько {m} хв
tickets from {x}	piletid alates {x}	билеты от {x}	квитки від {x}
Up to {x}, about {y}	Kuni {x}, umbes {y}	До {x}, около {y}	До {x}, близько {y}
up to {x}	kuni {x}	до {x}	до {x}
Show {n} more	Näita veel {n}	Показать ещё {n}	Показати ще {n}
All {n}	Kõik {n}	Все {n}	Усі {n}
Show all {n} running	Näita kõiki {n} käimasolevat	Показать все {n} идущих	Показати всі {n}, що тривають
Added to {x}	Lisatud nimekirja {x}	Добавлено в {x}	Додано до {x}
Remove {x} from saved	Eemalda {x} salvestatutest	Убрать {x} из сохранённого	Прибрати {x} зі збереженого
Also in {x}:	Ka piirkonnas {x}:	Также в районе {x}:	Також у районі {x}:
After {x}	Pärast: {x}	После: {x}	Після: {x}
{n} of {m}	{n}/{m}	{n} из {m}	{n} з {m}
{x} on the map	{x} kaardil	{x} на карте	{x} на карті
{x} (opens {y})	{x} (avaneb: {y})	{x} (откроется: {y})	{x} (відчиниться: {y})
Logo from {x}, their logo	Logo saidilt {x}, nende enda logo	Логотип с {x}, их собственный	Логотип із {x}, їхній власний
Address and links from OpenStreetMap; hours from {x}.	Aadress ja lingid OpenStreetMapist; lahtiolekuajad: {x}.	Адрес и ссылки из OpenStreetMap; часы работы: {x}.	Адреса й посилання з OpenStreetMap; години роботи: {x}.
Details from the venue; hours from {x}.	Üksikasjad kohalt; lahtiolekuajad: {x}.	Данные от заведения; часы работы: {x}.	Дані від закладу; години роботи: {x}.
Everything from {x}	Kõik allikast {x}	Всё из {x}	Усе з {x}
Following {x}	Jälgid: {x}	Вы подписаны: {x}	Ви підписані: {x}
Stopped following {x}	Enam ei jälgi: {x}	Вы больше не подписаны: {x}	Ви більше не підписані: {x}
Nothing is listed in {x} for the coming days.	Piirkonnas {x} pole lähipäevadeks midagi kuulutatud.	В районе {x} на ближайшие дни ничего не объявлено.	У районі {x} на найближчі дні нічого не оголошено.
Nothing is listed in {x} yet.	Piirkonnas {x} pole veel midagi kuulutatud.	В районе {x} пока ничего не объявлено.	У районі {x} поки нічого не оголошено.
Nothing from {x} is listed right now.	Allikast {x} pole praegu midagi kuulutatud.	От {x} сейчас ничего не объявлено.	Від {x} зараз нічого не оголошено.
Follow my device, dark from {t}	Järgi minu seadet, tume alates {t}	Как на устройстве, тёмная с {t}	Як на пристрої, темна з {t}
Listed via {x}	Kuulutatud allika kaudu {x}	Объявлено через {x}	Оголошено через {x}
It was on {d}	See toimus {d}	Это было {d}	Це було {d}
It came off on {d}	See lõppes {d}	Это закончилось {d}	Це завершилося {d}
Tonight in {x}	Täna õhtul: {x}	Сегодня вечером: {x}	Сьогодні ввечері: {x}
{n} open now	{n} praegu avatud	открыто сейчас: {n}	відчинено зараз: {n}
{n} open	{n} avatud	открыто: {n}	відчинено: {n}
{n} min ago	{n} min tagasi	{n} мин назад	{n} хв тому
{n} hour ago	{n} tund tagasi	{n} ч назад	{n} год тому
{n} hours ago	{n} tundi tagasi	{n} ч назад	{n} год тому
{n} day ago	{n} päev tagasi	{n} дн. назад	{n} дн. тому
{n} days ago	{n} päeva tagasi	{n} дн. назад	{n} дн. тому
{n} more listed here	Siin on veel {n} kuulutust	Здесь ещё {n}	Тут ще {n}
on {u}	allikas {u}	на {u}	на {u}
Listed via {x}, read {y}.	Kuulutatud allika kaudu {x}, loetud {y}.	Объявлено через {x}, прочитано {y}.	Оголошено через {x}, прочитано {y}.
It was on {d} at {t}.	See toimus {d} kell {t}.	Это было {d} в {t}.	Це було {d} о {t}.
It was on {d}.	See toimus {d}.	Это было {d}.	Це було {d}.
{n} min on foot	{n} min jalgsi	{n} мин пешком	{n} хв пішки
{n} free in this view	Selles vaates tasuta: {n}	Бесплатно в этом виде: {n}	Безкоштовно в цьому вигляді: {n}
{n} opened or saved before	Varem avatud või salvestatud: {n}	Ранее открыто или сохранено: {n}	Раніше відкрито або збережено: {n}
{n} more after these	Pärast neid veel {n}	Ещё {n} после этих	Ще {n} після цих
{n}.{h} km	{n},{h} km	{n},{h} км	{n},{h} км
{n} km	{n} km	{n} км	{n} км
{n} m	{n} m	{n} м	{n} м
{h} h {m}	{h} t {m} min	{h} ч {m} мин	{h} год {m} хв
{h} h	{h} t	{h} ч	{h} год
About {a}, {b} on foot.	Umbes {a}, jalgsi {b}.	Около {a}, пешком {b}.	Близько {a}, пішки {b}.
About {a}.	Umbes {a}.	Около {a}.	Близько {a}.
about {a}	umbes {a}	около {a}	близько {a}
Tickets from {x}.	Piletid alates {x}.	Билеты от {x}.	Квитки від {x}.
{n} price not listed	hind teadmata: {n}	цена не указана: {n}	ціну не вказано: {n}
{n} stops	{n} peatust	{n} остановка|{n} остановки|{n} остановок|{n} остановки	{n} зупинка|{n} зупинки|{n} зупинок|{n} зупинки
{x}, Open till {t}	{x}, avatud kuni {t}	{x}, открыто до {t}	{x}, відчинено до {t}
{x}, Opens {t}	{x}, avaneb {t}	{x}, откроется в {t}	{x}, відчиниться о {t}
{x}, Shut today	{x}, täna suletud	{x}, сегодня закрыто	{x}, сьогодні зачинено
{x}, Hours not filed	{x}, lahtiolekuajad teadmata	{x}, часы не указаны	{x}, години не вказано
{x}, Open for events	{x}, avatud ürituste ajal	{x}, открыто во время событий	{x}, відчинено під час подій
{x}, Open, 24 hours	{x}, avatud ööpäevaringselt	{x}, открыто круглосуточно	{x}, відчинено цілодобово
{x}, Listed as closed	{x}, märgitud suletuks	{x}, отмечено как закрытое	{x}, позначено як зачинене
{x}, Status unverified	{x}, olek kinnitamata	{x}, статус не подтверждён	{x}, статус не підтверджено
with {w}	sõnaga {w}	со словом {w}	зі словом {w}
Image from {u}	Pilt saidilt {u}	Изображение с {u}	Зображення з {u}
{a}. Needs your location or a spot below	{a}. Vaja on sinu asukohta või allpool valitud kohta	{a}. Нужна ваша геолокация или место ниже	{a}. Потрібна ваша геолокація або місце нижче
{a}, from {b}	{a}, lähtekoht: {b}	{a}, от точки: {b}	{a}, від точки: {b}
{n} today	{n} täna	Сегодня: {n}	Сьогодні: {n}
