Not found	Ei leitud	Не найдено	Не знайдено
Skip to content	Mine sisu juurde	Перейти к содержимому	Перейти до вмісту
That page has closed down.	See leht on suletud.	Эта страница закрыта.	Цю сторінку закрито.
Listings expire, which is normal. Here is what's on instead.	Kuulutused aeguvad, see on tavaline. Vaata, mis hoopis toimub.	Объявления устаревают, это нормально. Вот что идёт вместо него.	Оголошення застарівають, це нормально. Ось що відбувається натомість.
Tonight in Tallinn	Täna õhtul Tallinnas	Сегодня вечером в Таллине	Сьогодні ввечері в Таллінні
The week	Nädal	Неделя	Тиждень
Now	Praegu	Сейчас	Зараз
Map	Kaart	Карта	Мапа
Guide	Teejuht	Гид	Гід
Saved	Salvestatud	Сохранённое	Збережене
That page is not here.	Seda lehte siin ei ole.	Такой страницы здесь нет.	Такої сторінки тут немає.
Search the programme	Otsi kavast	Поиск по программе	Пошук у програмі
You	Profiil	Профиль	Профіль
About	Teave	О проекте	Про проєкт
We read the sources so you don't open nine tabs.	Me loeme allikaid, et sa ei peaks üheksat vahekaarti avama.	Мы читаем источники, чтобы вам не приходилось открывать девять вкладок.	Ми читаємо джерела, щоб вам не довелося відкривати дев’ять вкладок.
Independent culture in Tallinn. A time, a walk and a source on every listing.	Sõltumatu kultuur Tallinnas. Igal kuulutusel aeg, jalutuskäik ja allikas.	Независимая культура Таллина. У каждого события есть время, путь пешком и источник.	Незалежна культура Таллінна. Кожна подія має час, шлях пішки і джерело.
What this is	Mis see on	Что это	Що це
The week as a calendar	Nädal kalendrina	Неделя в виде календаря	Тиждень у вигляді календаря
Subscribe once and the week stays current. Your calendar re-reads it twice a day. Nothing is pushed and no account is needed.	Telli üks kord ja nädal püsib ajakohane. Sinu kalender loeb seda kaks korda päevas uuesti. Midagi ei saadeta peale ja kontot pole vaja.	Подпишитесь один раз, и неделя будет всегда актуальной. Ваш календарь обновляет её дважды в день. Ничего не рассылается, аккаунт не нужен.	Підпишіться один раз, і тиждень завжди буде актуальним. Ваш календар оновлює його двічі на день. Нічого не надсилається, обліковий запис не потрібен.
Privacy	Privaatsus	Конфиденциальность	Конфіденційність
Venue data and removal	Kohtade andmed ja eemaldamine	Данные о местах и удаление	Дані про місця та видалення
Terms, briefly	Tingimused lühidalt	Условия вкратце	Умови коротко
How WanderAlt reads Tallinn's sources, what it stores, and the calendar feed.	Kuidas WanderAlt Tallinna allikaid loeb, mida ta salvestab ja kuidas kalendrivoog töötab.	Как WanderAlt читает источники Таллина, что он хранит и как работает календарная лента.	Як WanderAlt читає джерела Таллінна, що зберігає і як працює календарна стрічка.
Filters	Filtrid	Фильтры	Фільтри
Back	Tagasi	Назад	Назад
Share	Jaga	Поделиться	Поділитися
Close	Sulge	Закрыть	Закрити
The week in Tallinn's independent scene, day by day, with a walking distance on every listing.	Nädal Tallinna sõltumatul sündmuste maastikul päev-päevalt, igal kuulutusel jalutuskaugus.	Неделя независимой сцены Таллина по дням, у каждого события указано расстояние пешком.	Тиждень незалежної сцени Таллінна по днях, з відстанню пішки для кожної події.
Show on the map	Näita kaardil	Показать на карте	Показати на мапі
Ask for a night out	Küsi õhtuplaani	Спросить про вечер	Запитати про вечір
Clear	Tühjenda	Очистить	Очистити
When and what	Millal ja mida	Когда и что	Коли і що
Search Tallinn, or ask for a night out	Otsi Tallinnast või küsi õhtuplaani	Ищите по Таллину или спросите про вечер	Шукайте в Таллінні або запитайте про вечір
Where	Kus	Где	Де
Tallinn, a venue or an area	Tallinn, koht või piirkond	Таллин, место или район	Таллінн, місце або район
When	Millal	Когда	Коли
Tonight	Täna õhtul	Сегодня вечером	Сьогодні ввечері
What	Mida	Что	Що
Gigs, film, art	Kontserdid, film, kunst	Концерты, кино, искусство	Концерти, кіно, мистецтво
What's on tonight	Mis täna õhtul toimub	Что сегодня вечером	Що сьогодні ввечері
Search, or ask “jazz tonight”	Otsi või küsi „džässi täna õhtul“	Поиск или вопрос: «джаз сегодня вечером»	Пошук або запитання: «джаз сьогодні ввечері»
Search	Otsi	Поиск	Пошук
All	Kõik	Все	Усе
Events	Sündmused	События	Події
Places	Kohad	Места	Місця
Tomorrow	Homme	Завтра	Завтра
Weekend	Nädalavahetus	Выходные	Вихідні
This week	See nädal	На этой неделе	Цього тижня
In view	Vaates	В кадре	У кадрі
Reading the sources	Allikate lugemine	Чтение источников	Читаємо джерела
Tonight's events and the places open now in Tallinn, on one map, sorted by walking time.	Tänase õhtu sündmused ja praegu avatud kohad Tallinnas ühel kaardil, jalutusaja järgi.	Сегодняшние события и открытые сейчас места Таллина на одной карте, по времени пешком.	Сьогоднішні події та відкриті зараз місця Таллінна на одній мапі, за часом пішки.
Show	Näita	Показать	Показати
Show where I am	Näita, kus ma olen	Показать, где я	Показати, де я
Picked places in Tallinn. Not every bar, only the ones worth the walk.	Valitud kohad Tallinnas. Mitte iga baar, vaid need, mille pärast tasub jalutada.	Отобранные места Таллина. Не каждый бар, только те, ради которых стоит пройтись.	Вибрані місця Таллінна. Не кожен бар, лише ті, до яких варто пройтися.
Open now	Praegu avatud	Открыто сейчас	Відчинено зараз
Picked places in Tallinn: record shops, bookshops, galleries, thrift shops, small cinemas, clubs and theatres, with what's open now.	Valitud kohad Tallinnas: plaadipoed, raamatupoed, galeriid, kaltsukad, väikesed kinod, klubid ja teatrid, ning mis on praegu avatud.	Отобранные места Таллина: магазины пластинок и книг, галереи, секонд-хенды, небольшие кинотеатры, клубы и театры, и что открыто сейчас.	Вибрані місця Таллінна: крамниці платівок і книгарні, галереї, секонд-хенди, невеликі кінотеатри, клуби й театри, і що відчинено зараз.
Your shortlist and settings.	Sinu lemmikud ja seaded.	Ваш список и настройки.	Ваш список і налаштування.
Your saves, follows, alerts and settings.	Sinu salvestatud, jälgitavad, teavitused ja seaded.	Сохранённое, подписки, уведомления и настройки.	Збережене, підписки, сповіщення і налаштування.
Route	Marsruut	Маршрут	Маршрут
An evening on foot: a few stops, with walking times and where each one comes from.	Õhtu jalgsi: mõned peatused, jalutusajad ja iga koha allikas.	Вечер пешком: несколько остановок, время в пути и источник каждой.	Вечір пішки: кілька зупинок, час у дорозі та джерело кожної.
Back to Now	Tagasi lehele Praegu	Назад к «Сейчас»	Назад до «Зараз»
Your shortlist. Stays in this browser.	Sinu lemmikud. Jäävad sellesse brauserisse.	Ваш список. Хранится в этом браузере.	Ваш список. Зберігається в цьому браузері.
Your shortlist of events and places. Stays in this browser, works signed out.	Sinu sündmuste ja kohtade lemmikud. Jäävad sellesse brauserisse ja töötavad ka sisse logimata.	Ваш список событий и мест. Хранится в этом браузере и работает без входа.	Ваш список подій і місць. Зберігається в цьому браузері й працює без входу.
One source's listings in Tallinn.	Ühe allika kuulutused Tallinnas.	События одного источника в Таллине.	Події одного джерела в Таллінні.
Listings	Kuulutused	События	Події
Sources	Allikad	Источники	Джерела
Sign in	Logi sisse	Войти	Увійти
One step for both. What you saved on this device comes with you.	Üks samm mõlema jaoks. Selles seadmes salvestatu tuleb sinuga kaasa.	Один шаг для обоих. Сохранённое на этом устройстве останется с вами.	Один крок для обох. Збережене на цьому пристрої залишиться з вами.
Email	E-post	Электронная почта	Електронна пошта
We email a sign-in link. No password to remember.	Saadame sisselogimislingi e-postile. Parooli pole vaja meeles pidada.	Мы отправим ссылку для входа на почту. Пароль помнить не нужно.	Ми надішлемо посилання для входу на пошту. Пароль пам’ятати не треба.
Use a password instead	Kasuta hoopis parooli	Использовать пароль	Використати пароль
Cancel	Tühista	Отмена	Скасувати
Email me a link	Saada mulle link	Прислать ссылку	Надіслати посилання
We sent a sign-in link to	Saatsime sisselogimislingi aadressile	Мы отправили ссылку для входа на	Ми надіслали посилання для входу на
. Open it on this device to finish.	. Ava see selles seadmes, et lõpetada.	. Откройте её на этом устройстве, чтобы завершить.	. Відкрийте його на цьому пристрої, щоб завершити.
The email has a code	E-kirjas on kood	В письме есть код	У листі є код
Code from the email	Kood e-kirjast	Код из письма	Код із листа
Use another email	Kasuta teist e-posti	Другой адрес	Інша адреса
Verify	Kinnita	Подтвердить	Підтвердити
Password	Parool	Пароль	Пароль
Email me a link instead	Saada hoopis link e-postile	Прислать ссылку на почту	Надіслати посилання на пошту
Forgot password?	Unustasid parooli?	Забыли пароль?	Забули пароль?
Create account	Loo konto	Создать аккаунт	Створити обліковий запис
Already have an account? Sign in	Konto juba olemas? Logi sisse	Уже есть аккаунт? Войти	Уже маєте обліковий запис? Увійти
Enter your email and we'll send a reset link.	Sisesta oma e-post ja saadame lähtestamislingi.	Введите почту, и мы отправим ссылку для сброса.	Введіть пошту, і ми надішлемо посилання для скидання.
Back to sign in	Tagasi sisselogimise juurde	Назад ко входу	Назад до входу
Send reset link	Saada lähtestamislink	Отправить ссылку для сброса	Надіслати посилання для скидання
Choose a new password for your account.	Vali oma kontole uus parool.	Выберите новый пароль для аккаунта.	Виберіть новий пароль для облікового запису.
New password	Uus parool	Новый пароль	Новий пароль
Update password	Uuenda parool	Обновить пароль	Оновити пароль
Your password	Sinu parool	Ваш пароль	Ваш пароль
At least 6 characters	Vähemalt 6 märki	Не менее 6 символов	Щонайменше 6 символів
Sign in or create an account	Logi sisse või loo konto	Войдите или создайте аккаунт	Увійдіть або створіть обліковий запис
Enter	Sisene	Войти	Увійти
Enter your email address.	Sisesta oma e-posti aadress.	Введите адрес почты.	Введіть адресу пошти.
Sending…	Saadan…	Отправка…	Надсилання…
Could not send the link. Try again.	Linki ei õnnestunud saata. Proovi uuesti.	Не удалось отправить ссылку. Попробуйте ещё раз.	Не вдалося надіслати посилання. Спробуйте ще раз.
Network error.	Võrguviga.	Ошибка сети.	Помилка мережі.
Check your email	Vaata oma e-posti	Проверьте почту	Перевірте пошту
Enter the digits from the email.	Sisesta e-kirjas olevad numbrid.	Введите цифры из письма.	Введіть цифри з листа.
Checking…	Kontrollin…	Проверка…	Перевірка…
That code did not work. Try again or use the link.	See kood ei töötanud. Proovi uuesti või kasuta linki.	Этот код не подошёл. Попробуйте ещё раз или используйте ссылку.	Цей код не підійшов. Спробуйте ще раз або скористайтеся посиланням.
Please fill in both fields.	Palun täida mõlemad väljad.	Заполните оба поля.	Заповніть обидва поля.
Signing in…	Login sisse…	Вход…	Вхід…
Invalid email or password.	Vale e-post või parool.	Неверная почта или пароль.	Неправильна пошта або пароль.
Please enter your email.	Palun sisesta oma e-post.	Введите почту.	Введіть пошту.
Password must be at least 6 characters.	Parool peab olema vähemalt 6 märki.	Пароль должен быть не короче 6 символов.	Пароль має містити щонайменше 6 символів.
Creating account…	Loon kontot…	Создание аккаунта…	Створення облікового запису…
Check your inbox to confirm your email, then sign in.	Vaata oma postkasti, kinnita e-post ja logi seejärel sisse.	Проверьте почту, подтвердите адрес и затем войдите.	Перевірте пошту, підтвердьте адресу, а потім увійдіть.
Sign-up failed. Try again.	Registreerimine ebaõnnestus. Proovi uuesti.	Не удалось зарегистрироваться. Попробуйте ещё раз.	Не вдалося зареєструватися. Спробуйте ще раз.
Reset password	Lähtesta parool	Сбросить пароль	Скинути пароль
Check your inbox — reset link sent.	Vaata oma postkasti — lähtestamislink on saadetud.	Проверьте почту — ссылка для сброса отправлена.	Перевірте пошту — посилання для скидання надіслано.
Something went wrong.	Midagi läks valesti.	Что-то пошло не так.	Щось пішло не так.
Set new password	Määra uus parool	Задать новый пароль	Задати новий пароль
Session expired. Request a new reset link.	Seanss aegus. Telli uus lähtestamislink.	Сеанс истёк. Запросите новую ссылку для сброса.	Сеанс завершився. Запросіть нове посилання для скидання.
Updating…	Uuendan…	Обновление…	Оновлення…
Password updated. You are now signed in.	Parool on uuendatud. Oled nüüd sisse logitud.	Пароль обновлён. Вы вошли в систему.	Пароль оновлено. Ви увійшли.
Update failed.	Uuendamine ebaõnnestus.	Не удалось обновить.	Не вдалося оновити.
Select city	Vali linn	Выберите город	Виберіть місто
Coming soon	Varsti tulemas	Скоро	Незабаром
Walking from	Jalutuskaugus alates	Пешком от	Пішки від
Live	Käimas	Идёт	Триває
Loading map…	Laen kaarti…	Загрузка карты…	Завантаження мапи…
Could not load the original description.	Algset kirjeldust ei õnnestunud laadida.	Не удалось загрузить исходное описание.	Не вдалося завантажити оригінальний опис.
Try again	Proovi uuesti	Повторить	Спробувати ще раз
The source filed no description beyond the title.	Allikas ei esitanud pealkirjast rohkem kirjeldust.	Источник не дал описания, кроме названия.	Джерело не дало опису, крім назви.
Read the full source	Loe allikat täies mahus	Читать источник полностью	Читати джерело повністю
Loading source excerpt…	Laen allika väljavõtet…	Загрузка отрывка из источника…	Завантаження уривка з джерела…
The venue	Koht	Место	Місце
This has ended.	See on lõppenud.	Это закончилось.	Це вже завершилося.
Open the listing	Ava kuulutus	Открыть объявление	Відкрити оголошення
Calendar	Kalender	Календарь	Календар
Walk there	Jaluta sinna	Пойти пешком	Піти пішки
Address	Aadress	Адрес	Адреса
Walking directions	Jalutusjuhised	Маршрут пешком	Маршрут пішки
Where this came from	Kust see pärineb	Откуда это	Звідки це
Flag a problem	Teata probleemist	Сообщить о проблеме	Повідомити про проблему
What is wrong	Mis on valesti	Что не так	Що не так
Note, optional	Märkus, vabatahtlik	Заметка, необязательно	Примітка, необов’язково
Send	Saada	Отправить	Надіслати
Picked places within 10 minutes on foot.	Valitud kohad 10 minuti jalutuskaugusel.	Отобранные места в 10 минутах пешком.	Вибрані місця за 10 хвилин пішки.
Plan the next hours from here	Planeeri järgmised tunnid siit	Спланировать ближайшие часы отсюда	Спланувати найближчі години звідси
This venue is listed as closed.	See koht on märgitud suletuks.	Это место отмечено как закрытое.	Це місце позначене як закрите.
Check with the venue before you go.	Küsi enne minekut kohast järele.	Уточните у заведения перед выходом.	Уточніть у закладу, перш ніж іти.
Opening hours	Lahtiolekuajad	Часы работы	Години роботи
Today	Täna	Сегодня	Сьогодні
No fixed hours filed. This room opens when something is on; the listings above carry the times.	Kindlaid lahtiolekuaegu pole. See ruum avatakse, kui midagi toimub; ajad on ülal kuulutustes.	Постоянных часов нет. Зал открывается, когда что-то идёт; время указано в событиях выше.	Постійних годин немає. Зал відчиняється, коли щось відбувається; час указано в подіях вище.
Not listed. Half the places list their hours, and we would rather leave a gap than guess.	Pole teada. Pooled kohad ei avalda oma lahtiolekuaegu ja me jätame pigem tühiku kui arvame.	Не указано. Половина мест не публикует часы, и мы лучше оставим пробел, чем будем гадать.	Не вказано. Половина місць не публікує години, і ми краще залишимо прогалину, ніж будемо вгадувати.
Your lists	Sinu nimekirjad	Ваши списки	Ваші списки
Create your first list	Loo esimene nimekiri	Создайте первый список	Створіть перший список
New list	Uus nimekiri	Новый список	Новий список
Create and add	Loo ja lisa	Создать и добавить	Створити й додати
Kalamaja on Saturday	Kalamaja laupäeval	Kalamaja в субботу	Kalamaja в суботу
Walk	Jalutus	Пешком	Пішки
Area	Piirkond	Район	Район
Set a start point to see the walk	Jalutusaja nägemiseks vali alguspunkt	Укажите точку старта, чтобы увидеть время пешком	Вкажіть точку старту, щоб побачити час пішки
Venue logo	Koha logo	Логотип места	Логотип місця
Venue photo	Koha foto	Фото места	Фото місця
Save	Salvesta	Сохранить	Зберегти
List	Nimekiri	Список	Список
Map preview unavailable · Open map	Kaardi eelvaade pole saadaval · Ava kaart	Предпросмотр карты недоступен · Открыть карту	Попередній перегляд мапи недоступний · Відкрити мапу
English	inglise	английский	англійська
Estonian	eesti	эстонский	естонська
Russian	vene	русский	російська
Ukrainian	ukraina	украинский	українська
Finnish	soome	финский	фінська
Swedish	rootsi	шведский	шведська
German	saksa	немецкий	німецька
French	prantsuse	французский	французька
Spanish	hispaania	испанский	іспанська
Italian	itaalia	итальянский	італійська
Latvian	läti	латышский	латиська
Lithuanian	leedu	литовский	литовська
Polish	poola	польский	польська
Japanese	jaapani	японский	японська
Chinese	hiina	китайский	китайська
Korean	korea	корейский	корейська
An excerpt.	Väljavõte.	Отрывок.	Уривок.
Source description	Allika kirjeldus	Описание источника	Опис джерела
Original description	Algne kirjeldus	Исходное описание	Оригінальний опис
On now	Praegu käimas	Идёт сейчас	Триває зараз
Ongoing	Käimas	Идёт	Триває
Nothing else listed here yet	Siin pole veel muud kuulutatud	Здесь пока больше ничего нет	Тут поки більше нічого немає
Cancelled	Tühistatud	Отменено	Скасовано
Postponed	Edasi lükatud	Перенесено	Перенесено
The source says this will not go ahead.	Allika sõnul see ei toimu.	По данным источника, это не состоится.	За даними джерела, це не відбудеться.
The source says this is moving to a new date. Check there before you go.	Allika sõnul tuleb uus kuupäev. Vaata sealt enne minekut.	По данным источника, дата переносится. Проверьте там перед выходом.	За даними джерела, дату переносять. Перевірте там, перш ніж іти.
Entry	Sissepääs	Вход	Вхід
Sold out	Välja müüdud	Распродано	Розпродано
Few tickets left	Piletid on vähe alles	Осталось мало билетов	Залишилося мало квитків
Check for returns	Vaata, kas pileteid tagastati	Проверьте возвраты	Перевірте повернення
Tickets	Piletid	Билеты	Квитки
Filed by the venue	Märkinud koht	Указано заведением	Указано закладом
Website	Veebileht	Сайт	Сайт
Instagram	Instagram	Instagram	Instagram
Facebook	Facebook	Facebook	Facebook
Shut	Suletud	Закрыто	Зачинено
Place	Koht	Место	Місце
Next	Edasi	Далее	Далі
Free	Tasuta	Бесплатно	Безкоштовно
Walk in	Sisene ise	Без записи	Без запису
Following	Jälgid	Вы подписаны	Ви підписані
Follow	Jälgi	Подписаться	Підписатися
Their own channels above carry what we have not read.	Nende enda kanalid ülal kannavad seda, mida me pole lugenud.	Их собственные каналы выше содержат то, что мы не прочитали.	Те, чого ми не прочитали, є в їхніх власних каналах вище.
Follow it and its listings are marked for you when they arrive.	Jälgi seda ja selle kuulutused märgitakse sulle, kui need ilmuvad.	Подпишитесь, и его события будут отмечены для вас, когда появятся.	Підпишіться, і його події позначатимуться для вас, щойно з'являться.
This listing could not load.	Seda kuulutust ei õnnestunud laadida.	Не удалось загрузить это событие.	Не вдалося завантажити цю подію.
Check your connection and try again.	Kontrolli ühendust ja proovi uuesti.	Проверьте соединение и попробуйте ещё раз.	Перевірте з'єднання і спробуйте ще раз.
We have no listing at that address.	Sellel aadressil meil kuulutust pole.	По этому адресу у нас нет события.	За цією адресою в нас немає події.
The link may be mistyped, or it may be older than a change here.	Link võib olla valesti kirjutatud või vanem kui siinne muudatus.	Ссылка могла быть набрана с ошибкой или устареть после изменений.	Посилання могло бути введене з помилкою або застаріти після змін.
That event is no longer in the programme.	Seda sündmust pole enam kavas.	Этого события больше нет в программе.	Цієї події вже немає в програмі.
Add to a list	Lisa nimekirja	Добавить в список	Додати до списку
Thanks. We will check the source	Aitäh. Vaatame allika üle	Спасибо. Мы проверим источник	Дякуємо. Ми перевіримо джерело
Could not send. Try again later	Saatmine ebaõnnestus. Proovi hiljem uuesti	Не удалось отправить. Попробуйте позже	Не вдалося надіслати. Спробуйте пізніше
Undo	Võta tagasi	Отменить	Скасувати
Removed from saved	Eemaldatud salvestatutest	Удалено из сохранённого	Вилучено зі збереженого
Marked here. Sign in to be counted	Märgitud siin. Logi sisse, et sind arvestataks	Отмечено здесь. Войдите, чтобы вас учли	Позначено тут. Увійдіть, щоб вас врахували
Marked as going	Märgitud kui lähed	Отмечено: вы идёте	Позначено: ви йдете
Not going	Ei lähe	Не иду	Не йду
Link copied	Link kopeeritud	Ссылка скопирована	Посилання скопійовано
Could not copy the link	Linki ei õnnestunud kopeerida	Не удалось скопировать ссылку	Не вдалося скопіювати посилання
Copied	Kopeeritud	Скопировано	Скопійовано
Failed	Ebaõnnestus	Не удалось	Не вдалося
Where?	Kus?	Где?	Де?
Search listings, venues and areas	Otsi kuulutusi, kohti ja piirkondi	Поиск событий, мест и районов	Пошук подій, місць і районів
Cities	Linnad	Города	Міста
Nearby	Läheduses	Рядом	Поруч
Tallinn, Estonia	Tallinn, Eesti	Таллин, Эстония	Таллінн, Естонія
We read Tallinn first	Loeme esmalt Tallinna	Сначала мы читаем Таллин	Спершу ми читаємо Таллінн
Soon	Varsti	Скоро	Незабаром
When?	Millal?	Когда?	Коли?
What are you after?	Mida sa otsid?	Что вы ищете?	Що ви шукаєте?
Clear all	Tühjenda kõik	Очистить всё	Очистити все
Venue, area or name	Koht, piirkond või nimi	Место, район или название	Місце, район або назва
Gigs	Kontserdid	Концерты	Концерти
Club nights	Klubiõhtud	Клубные вечера	Клубні вечори
Film	Film	Кино	Кіно
Theatre and dance	Teater ja tants	Театр и танец	Театр і танець
Talks	Vestlused	Лекции и встречи	Лекції та зустрічі
Workshops	Töötoad	Мастер-классы	Майстер-класи
Festivals	Festivalid	Фестивали	Фестивалі
Old Town, Kalamaja, Telliskivi and the harbour	Old Town, Kalamaja, Telliskivi ja sadam	Old Town, Kalamaja, Telliskivi и порт	Old Town, Kalamaja, Telliskivi та порт
Coming later	Tulevad hiljem	Появятся позже	З'являться пізніше
Riga, Latvia	Riia, Läti	Рига, Латвия	Рига, Латвія
Helsinki, Finland	Helsingi, Soome	Хельсинки, Финляндия	Гельсінкі, Фінляндія
Vilnius, Lithuania	Vilnius, Leedu	Вильнюс, Литва	Вільнюс, Литва
This weekend	Sel nädalavahetusel	В эти выходные	Цими вихідними
Friday to Sunday	Reedest pühapäevani	С пятницы по воскресенье	З п'ятниці по неділю
The next seven days	Järgmised seitse päeva	Следующие семь дней	Наступні сім днів
Any day	Mis tahes päev	Любой день	Будь-який день
Anything	Mis tahes	Что угодно	Будь-що
Walking times are on	Jalutusajad on sees	Время пешком включено	Час пішки увімкнено
Show walking times	Näita jalutusaegu	Показать время пешком	Показати час пішки
Only sources I follow	Ainult allikad, mida jälgin	Только источники, на которые я подписан	Лише джерела, на які я підписаний
I'm going	Ma lähen	Я иду	Я йду
Show the next few hours	Näita järgmisi tunde	Показать ближайшие часы	Показати найближчі години
What's the mood?	Mis tuju on?	Какое настроение?	Який настрій?
No selection means all	Valimata sobib kõik	Без выбора подходят все	Без вибору підходить усе
Up to €20	Kuni 20 €	До 20 €	До 20 €
Unknown prices included	Teadmata hinnaga sündmused kaasatud	Без цены тоже показываем	Без ціни теж показуємо
Narrow it down	Täpsusta	Уточнить	Уточнити
Art & film	Kunst ja film	Искусство и кино	Мистецтво і кіно
Galleries, cinema, stage, comedy	Galeriid, kino, lava, komöödia	Галереи, кино, сцена, комедия	Галереї, кіно, сцена, комедія
Stage	Lava	Сцена	Сцена
Live music	Elav muusika	Живая музыка	Жива музика
Gigs, jazz, concerts	Kontserdid, džäss, live	Концерты, джаз, живые выступления	Концерти, джаз, живі виступи
Indie & rock	Indie ja rokk	Инди и рок	Інді та рок
Techno, house, DJs	Tehno, house, DJd	Техно, хаус, диджеи	Техно, хаус, діджеї
Records & books	Plaadid ja raamatud	Пластинки и книги	Платівки та книжки
Vinyl, books, thrift, markets	Vinüül, raamatud, kaltsukad, laadad	Винил, книги, секонд-хенд, ярмарки	Вініл, книжки, секонд-хенд, ярмарки
Markets	Laadad	Ярмарки	Ярмарки
Workshops & talks	Töötoad ja vestlused	Мастер-классы и лекции	Майстер-класи та лекції
Make, learn, meet people	Tee, õpi, kohtu inimestega	Делать, учиться, знакомиться	Створювати, вчитися, знайомитися
Taprooms and brewery bars	Õllebaarid ja pruulikodade baarid	Пивные и бары пивоварен	Пивні та бари броварень
any price	mis tahes hind	любая цена	будь-яка ціна
free	tasuta	бесплатно	безкоштовно
Walking from you needs location. Allow it for this site in your browser settings.	Sinu juurest jalutamiseks on vaja asukohta. Luba see selle saidi jaoks brauseri seadetes.	Чтобы считать путь от вас, нужна геолокация. Разрешите её для этого сайта в настройках браузера.	Щоб рахувати шлях від вас, потрібна геолокація. Дозвольте її для цього сайту в налаштуваннях браузера.
Nothing is a short walk from you. Turn Near me off for the whole city.	Sinu lähedal pole midagi. Lülita „Minu lähedal“ välja, et näha kogu linna.	Рядом с вами ничего нет. Выключите «Рядом со мной», чтобы видеть весь город.	Поруч із вами нічого немає. Вимкніть «Поруч зі мною», щоб бачити все місто.
Nearest to you first	Sulle lähimad ees	Сначала ближайшие к вам	Спершу найближчі до вас
Right by you	Kohe sinu kõrval	Прямо рядом с вами	Зовсім поруч із вами
Kind	Liik	Вид	Вид
Moods	Meeleolud	Настроения	Настрої
Kind of place	Koha liik	Тип места	Тип місця
nearest to you first	lähimad sinu juurest ees	сначала ближайшие к вам	спершу найближчі до вас
Nearest the centre first	Kesklinnale lähimad ees	Сначала ближайшие к центру	Спершу найближчі до центру
Change	Muuda	Изменить	Змінити
Today's events and the places open now, by walking time.	Tänased sündmused ja praegu avatud kohad jalutusaja järgi.	События сегодня и открытые сейчас места по времени пешком.	Події сьогодні й відкриті зараз місця за часом пішки.
Ticket price limit	Piletihinna piir	Предел цены билета	Ліміт ціни квитка
Day	Päev	День	День
Still going	Veel käimas	Ещё идёт	Ще триває
The next few hours	Järgmised tunnid	Ближайшие часы	Найближчі години
Quiet tonight	Täna õhtul vaikne	Сегодня вечером тихо	Сьогодні ввечері тихо
Finding you	Otsin sind	Определяем, где вы	Визначаємо, де ви
Near me	Minu lähedal	Рядом со мной	Поруч зі мною
Nothing fits that right now.	Praegu ei sobi miski.	Сейчас ничего не подходит.	Зараз нічого не підходить.
No route for the next few hours.	Järgmisteks tundideks marsruuti pole.	На ближайшие часы маршрута нет.	На найближчі години маршруту немає.
Try another mood or a higher price limit.	Proovi teist meeleolu või kõrgemat hinnapiiri.	Попробуйте другое настроение или более высокий предел цены.	Спробуйте інший настрій або вищий ліміт ціни.
Your saves still work. Try again in a moment.	Sinu salvestatud töötavad endiselt. Proovi hetke pärast uuesti.	Ваше сохранённое по-прежнему работает. Попробуйте через минуту.	Ваше збережене й далі працює. Спробуйте за хвилину.
The sources are read every six hours. The Guide has picked places.	Allikaid loetakse iga kuue tunni järel. Teejuhis on valitud kohad.	Источники читаются каждые шесть часов. В гиде — отобранные места.	Джерела читаються кожні шість годин. У гіді — вибрані місця.
Worth the walk	Väärt jalutamist	Стоит прогулки	Варто прогулянки
Picked places, closest first	Valitud kohad, lähimad ees	Отобранные места, сначала ближайшие	Вибрані місця, спершу найближчі
Picked places	Valitud kohad	Отобранные места	Вибрані місця
The Guide	Teejuht	Гид	Гід
What's on	Mis toimub	Что идёт	Що відбувається
We can't reach the listings right now.	Kuulutusteni ei pääse praegu ligi.	Сейчас не удаётся получить события.	Зараз не вдається отримати події.
Hours not listed	Lahtiolekuajad pole märgitud	Часы не указаны	Години не вказано
Open for events	Avatud ürituste ajal	Открыто во время событий	Відчинено під час подій
Details from the venue; its own site says it opens for its events.	Üksikasjad kohalt; koha enda sait ütleb, et see on avatud ürituste ajal.	Сведения от самого места; его сайт говорит, что оно открыто во время событий.	Відомості від самого місця; його сайт каже, що воно відчинене під час подій.
Address and links from OpenStreetMap; its own site says it opens for its events.	Aadress ja lingid OpenStreetMapist; koha enda sait ütleb, et see on avatud ürituste ajal.	Адрес и ссылки из OpenStreetMap; сайт места говорит, что оно открыто во время событий.	Адреса й посилання з OpenStreetMap; сайт місця каже, що воно відчинене під час подій.
Open 24 hours	Avatud ööpäevaringselt	Открыто круглосуточно	Відчинено цілодобово
Closed for the day	Täna suletud	На сегодня закрыто	На сьогодні зачинено
Unknown	Teadmata	Неизвестно	Невідомо
WanderAlt is already on your Home Screen.	WanderAlt on juba sinu avaekraanil.	WanderAlt уже на вашем главном экране.	WanderAlt уже на вашому головному екрані.
This in-app browser cannot add WanderAlt to the Home Screen. Open	See rakendusesisene brauser ei saa WanderAlti avaekraanile lisada. Ava	Этот встроенный браузер не может добавить WanderAlt на главный экран. Откройте	Цей вбудований браузер не може додати WanderAlt на головний екран. Відкрийте
The app starts empty. Sign in first and your saves come with you.	Rakendus algab tühjana. Logi kõigepealt sisse, siis tuleb salvestatu kaasa.	Приложение запускается пустым. Сначала войдите, и сохранённое будет с вами.	Застосунок запускається порожнім. Спершу увійдіть, і збережене буде з вами.
Sign in first	Logi kõigepealt sisse	Сначала войдите	Спершу увійдіть
This browser cannot install WanderAlt.	See brauser ei saa WanderAlti paigaldada.	Этот браузер не может установить WanderAlt.	Цей браузер не може встановити WanderAlt.
Not now	Mitte praegu	Не сейчас	Не зараз
Install	Paigalda	Установить	Установити
I have added it	Olen lisanud	Я добавил	Я додав
One tap, full screen, and alerts when a plan changes.	Üks puudutus, täisekraan ja teavitused, kui plaan muutub.	Одно касание, полный экран и уведомления об изменении планов.	Один дотик, повний екран і сповіщення про зміни планів.
One tap from your Home screen, and alerts when a plan changes.	Üks puudutus avaekraanilt ja teavitused, kui plaan muutub.	Одно касание с главного экрана и уведомления об изменении планов.	Один дотик із головного екрана і сповіщення про зміни планів.
Opens in its own window, one tap away.	Avaneb oma aknas, ühe puudutuse kaugusel.	Открывается в своём окне, в одно касание.	Відкривається у власному вікні, в один дотик.
Add to Home Screen	Lisa avaekraanile	Добавить на главный экран	Додати на головний екран
Install the app	Paigalda rakendus	Установить приложение	Установити застосунок
Add to Home screen	Lisa avaekraanile	Добавить на главный экран	Додати на головний екран
Open the menu	Ava menüü	Откройте меню	Відкрийте меню
Tap the ≡ button in the browser.	Puuduta brauseris nuppu ≡.	Нажмите кнопку ≡ в браузере.	Натисніть кнопку ≡ у браузері.
Add page to	Lisa leht:	Добавить страницу на	Додати сторінку на
Choose Add page to, then Home screen. If you see Install, use that.	Vali Lisa leht, seejärel Avaekraan. Kui näed Paigalda, kasuta seda.	Выберите «Добавить страницу на», затем «Главный экран». Если видите «Установить», выберите его.	Оберіть «Додати сторінку на», потім «Головний екран». Якщо бачите «Установити», оберіть його.
Confirm	Kinnita	Подтвердить	Підтвердити
Tap Add.	Puuduta Lisa.	Нажмите «Добавить».	Натисніть «Додати».
Tap the ⋮ button in the browser.	Puuduta brauseris nuppu ⋮.	Нажмите кнопку ⋮ в браузере.	Натисніть кнопку ⋮ у браузері.
Install app	Paigalda rakendus	Установить приложение	Установити застосунок
Choose Install app, or Add to Home screen.	Vali Paigalda rakendus või Lisa avaekraanile.	Выберите «Установить приложение» или «Добавить на главный экран».	Оберіть «Установити застосунок» або «Додати на головний екран».
Tap Install or Add.	Puuduta Paigalda või Lisa.	Нажмите «Установить» или «Добавить».	Натисніть «Установити» або «Додати».
Tap Share, the square with an arrow, at the top of the screen.	Puuduta Jaga, noolega ruutu, ekraani ülaosas.	Нажмите «Поделиться» — квадрат со стрелкой — вверху экрана.	Натисніть «Поділитися» — квадрат зі стрілкою — вгорі екрана.
Tap Share, the square with an arrow, in the toolbar or address bar.	Puuduta Jaga, noolega ruutu, tööriba või aadressiriba juures.	Нажмите «Поделиться» — квадрат со стрелкой — на панели инструментов или в адресной строке.	Натисніть «Поділитися» — квадрат зі стрілкою — на панелі інструментів або в адресному рядку.
Tap the menu beside the address bar (≡ or ⋯), then Share.	Puuduta aadressiriba kõrval olevat menüüd (≡ või ⋯) ja seejärel Jaga.	Нажмите меню рядом с адресной строкой (≡ или ⋯), затем «Поделиться».	Натисніть меню біля адресного рядка (≡ або ⋯), потім «Поділитися».
Scroll the list. Not there? Tap Edit Actions at the bottom.	Keri nimekirja. Ei leia? Puuduta all Muuda toiminguid.	Прокрутите список. Нет там? Нажмите «Изменить действия» внизу.	Прокрутіть список. Немає? Натисніть «Редагувати дії» внизу.
Open as Web App	Ava veebirakendusena	Открыть как веб-приложение	Відкрити як вебзастосунок
It is on by default. Leave it on, then tap Add.	See on vaikimisi sees. Jäta sisse ja puuduta Lisa.	По умолчанию оно включено. Оставьте включённым и нажмите «Добавить».	Його ввімкнено за замовчуванням. Залиште ввімкненим і натисніть «Додати».
Already installed	Juba paigaldatud	Уже установлено	Уже встановлено
Notification	Teavitus	Уведомление	Сповіщення
Alerts when plans change	Teavitused, kui plaanid muutuvad	Уведомления об изменении планов	Сповіщення про зміни планів
Cancellations, and tonight at places you follow	Tühistamised ja tänane õhtu kohtades, mida jälgid	Отмены и сегодняшний вечер в местах, на которые вы подписаны	Скасування і сьогоднішній вечір у місцях, на які ви підписані
Set up	Seadista	Настроить	Налаштувати
Make it an app	Tee sellest rakendus	Сделать приложением	Зробити застосунком
Full screen, alerts, one tap	Täisekraan, teavitused, üks puudutus	Полный экран, уведомления, одно касание	Повний екран, сповіщення, один дотик
One tap, and alerts	Üks puudutus ja teavitused	Одно касание и уведомления	Один дотик і сповіщення
Its own window, one tap	Oma aken, üks puudutus	Своё окно, одно касание	Власне вікно, один дотик
Show me	Näita mulle	Показать	Показати
Name ideas	Nime ideid	Идеи названий	Ідеї назв
Saturday night	Laupäeva õhtu	Субботний вечер	Суботній вечір
Date night	Kohtingu õhtu	Вечер для двоих	Вечір для двох
Rainy day	Vihmane päev	Дождливый день	Дощовий день
Out of town guests	Külalised väljastpoolt linna	Гости из другого города	Гості з іншого міста
Show everything	Näita kõike	Показать всё	Показати все
Pills are events with their start time. A round pin is a place; a vermilion ring means it is open now.	Pillid on sündmused koos algusajaga. Ümar nööpnõel on koht; vermilioni rõngas tähendab, et see on praegu avatud.	Таблетки — это события со временем начала. Круглая метка — место; киноварное кольцо значит, что оно открыто сейчас.	Пігулки — це події з часом початку. Кругла мітка — місце; кіноварне кільце означає, що воно відчинене зараз.
Nothing in view	Vaates pole midagi	В кадре ничего нет	У кадрі нічого немає
Location is off in this browser, so the list is ordered by time	Asukoht on selles brauseris välja lülitatud, seega on nimekiri aja järgi	Геолокация в этом браузере выключена, поэтому список упорядочен по времени	Геолокацію в цьому браузері вимкнено, тому список упорядковано за часом
Dance	Tants	Танец	Танець
Any mood	Mis tahes meeleolu	Любое настроение	Будь-який настрій
Any mood · any price	Mis tahes meeleolu · mis tahes hind	Любое настроение · любая цена	Будь-який настрій · будь-яка ціна
On this week	Sel nädalal	На этой неделе	Цього тижня
Remove this filter	Eemalda see filter	Убрать этот фильтр	Прибрати цей фільтр
Use my location	Kasuta minu asukohta	Использовать геолокацию	Використати геолокацію
What to look for	Mida otsida	Что искать	Що шукати
Records	Plaadid	Пластинки	Платівки
Books	Raamatud	Книги	Книжки
Galleries	Galeriid	Галереи	Галереї
Thrift	Kaltsukad	Секонд-хенд	Секонд-хенд
Cinema	Kino	Кино	Кіно
Clubs and bars	Klubid ja baarid	Клубы и бары	Клуби та бари
Theatres	Teatrid	Театры	Театри
Community	Kogukond	Сообщество	Спільнота
No places are filed yet.	Kohti pole veel lisatud.	Мест пока нет.	Місць поки немає.
Try again in a moment.	Proovi hetke pärast uuesti.	Попробуйте через минуту.	Спробуйте за хвилину.
None with filed hours are open now.	Ükski teadaolevate lahtiolekuaegadega koht pole praegu avatud.	Сейчас нет открытых мест с указанными часами.	Зараз немає відчинених місць із вказаними годинами.
Other kinds of place are.	Teist liiki kohad on.	Другие виды мест открыты.	Інші види місць відчинені.
All places	Kõik kohad	Все места	Усі місця
We can't reach the places right now.	Kohtadeni ei pääse praegu ligi.	Сейчас не удаётся получить места.	Зараз не вдається отримати місця.
Tonight's listings	Tänase õhtu kuulutused	События сегодняшнего вечера	Події сьогоднішнього вечора
From	Alates	От	Від
Anywhere	Kõikjal	Где угодно	Будь-де
Order	Järjestus	Порядок	Порядок
Soonest	Varaseimad	Раньше по времени	Раніше за часом
Nearest	Lähimad	Ближе к вам	Ближче до вас
Needs your location. Until you allow it, the list stays soonest first.	Vajab sinu asukohta. Kuni seda ei luba, on nimekiri varaseimad ees.	Нужна геолокация. Пока вы её не разрешите, список идёт по времени.	Потрібна геолокація. Доки ви її не дозволите, список іде за часом.
Starts	Algab	Начало	Початок
Walking distance	Jalutuskaugus	Расстояние пешком	Відстань пішки
Free entry	Tasuta sissepääs	Вход свободный	Вхід вільний
Hide what I've opened	Peida avatud	Скрыть открытое мной	Сховати відкрите мною
Followed places only	Ainult jälgitavad kohad	Только ваши подписки	Лише ваші підписки
New since last visit	Uued pärast viimast külastust	Новое с прошлого визита	Нові після останнього візиту
Clear all filters	Tühjenda kõik filtrid	Сбросить все фильтры	Скинути всі фільтри
Measure from	Alguspunkt	Считать расстояние от	Рахувати відстань від
Search the words	Otsi sõnu	Искать слова	Шукати слова
Add to calendar	Lisa kalendrisse	Добавить в календарь	Додати в календар
Evenings	Õhtud	Вечера	Вечори
Maximum walking distance	Maksimaalne jalutuskaugus	Максимальное расстояние пешком	Максимальна відстань пішки
My location	Minu asukoht	Моя геолокация	Моя геолокація
Everything ahead	Kõik eesolev	Всё впереди	Усе попереду
Any time	Mis tahes aeg	В любое время	Будь-коли
From now	Alates praegu	С этого момента	Відтепер
After 21:00	Pärast 21:00	После 21:00	Після 21:00
After 23:00	Pärast 23:00	После 23:00	Після 23:00
In English	Inglise keeles	На английском	Англійською
Pick dates	Vali kuupäevad	Выбрать даты	Вибрати дати
Follow venues first	Jälgi esmalt kohti	Сначала подпишитесь на места	Спершу підпишіться на місця
Anywhere in the city	Kõikjal linnas	Где угодно в городе	Будь-де в місті
Clear for device location	Tühjenda oma asukoha kasutamiseks	Очистите поле для геолокации	Очистьте поле для геолокації
Choose a starting point	Vali alguspunkt	Выберите начальную точку	Виберіть початкову точку
Clear search	Tühjenda otsing	Очистить поиск	Очистити пошук
Any kind	Mis tahes liik	Любой вид	Будь-який вид
Include paid	Kaasa tasulised	Включая платные	Разом із платними
Any price	Mis tahes hind	Любая цена	Будь-яка ціна
Any language	Mis tahes keel	Любой язык	Будь-яка мова
Any start time	Mis tahes algusaeg	Любое время начала	Будь-який час початку
Any distance	Mis tahes kaugus	Любое расстояние	Будь-яка відстань
Every source	Kõik allikad	Все источники	Усі джерела
Not only new	Mitte ainult uued	Не только новые	Не лише нові
No listings match this search.	Ükski kuulutus ei vasta sellele otsingule.	Ни одно событие не подходит под этот поиск.	Жодна подія не відповідає цьому пошуку.
Searches English and original titles, venues and areas, with or without Estonian letters.	Otsib inglise- ja algupäraste pealkirjade, kohtade ja piirkondade seast, eesti tähtedega või ilma.	Ищет по английским и оригинальным названиям, местам и районам, с эстонскими буквами или без них.	Шукає за англійськими й оригінальними назвами, місцями та районами, з естонськими літерами чи без них.
Nothing matches all of that.	Kõigele sellele ei vasta miski.	Ничего не подходит под всё это сразу.	Ніщо не відповідає всьому цьому одразу.
Try a different day or start a new search.	Proovi teist päeva või alusta uut otsingut.	Попробуйте другой день или начните новый поиск.	Спробуйте інший день або почніть новий пошук.
Start over	Alusta otsast	Начать заново	Почати знову
Jazz tonight	Džäss täna õhtul	Джаз сегодня вечером	Джаз сьогодні ввечері
Free art this weekend	Tasuta kunst sel nädalavahetusel	Бесплатное искусство в эти выходные	Безкоштовне мистецтво на цих вихідних
Club night in Kalamaja	Klubiõhtu: Kalamaja	Клубный вечер в Kalamaja	Клубний вечір у Kalamaja
Talks in English	Vestlused inglise keeles	Лекции на английском	Лекції англійською
Following this search	Jälgid seda otsingut	Вы следите за этим поиском	Ви стежите за цим пошуком
Follow this search	Jälgi seda otsingut	Следить за этим поиском	Стежити за цим пошуком
Nothing is listed at these places in the coming days.	Neis kohtades pole lähipäevadeks midagi kuulutatud.	В этих местах на ближайшие дни ничего не объявлено.	У цих місцях на найближчі дні нічого не заявлено.
Stopped following this search	Enam ei jälgi seda otsingut	Вы больше не следите за этим поиском	Ви більше не стежите за цим пошуком
Include what I've opened	Kaasa avatud	Включая открытое мной	Разом із тим, що я відкривав
Gigs tonight with “jazz”	Kontserdid täna õhtul sõnaga „džäss“	Концерты сегодня вечером со словом «джаз»	Концерти сьогодні ввечері зі словом «джаз»
This is what a notification looks like. Nothing to do.	Selline näeb teavitus välja. Midagi pole vaja teha.	Так выглядит уведомление. Ничего делать не нужно.	Так виглядає сповіщення. Нічого робити не потрібно.
New	Uus	Новое	Нове
Picked	Valitud	Выбрано	Вибране
No date filed	Kuupäev teadmata	Дата не указана	Дату не вказано
Running	Käimas	Идёт	Триває
Started earlier, still on	Algas varem, käib endiselt	Началось раньше, ещё идёт	Почалося раніше, ще триває
Previous	Eelmine	Предыдущий	Попередній
Inside the walls	Müüride sees	Внутри стен	У межах мурів
Club night	Klubiõhtu	Клубный вечер	Клубний вечір
Theatre	Teater	Театр	Театр
Workshop	Töötuba	Мастер-класс	Майстер-клас
Exhibition	Näitus	Выставка	Виставка
Talk	Vestlus	Лекция	Лекція
Festival	Festival	Фестиваль	Фестиваль
Market	Turg	Рынок	Ярмарок
Record shop	Plaadipood	Магазин пластинок	Магазин платівок
Bookshop	Raamatupood	Книжный магазин	Книгарня
Gallery	Galerii	Галерея	Галерея
Thrift shop	Kaltsukapood	Секонд-хенд	Секонд-хенд
Arts centre	Kunstikeskus	Центр искусств	Центр мистецтв
Community centre	Kogukonnakeskus	Общественный центр	Громадський центр
Museum	Muuseum	Музей	Музей
Craft beer	Käsitööõlu	Крафтовое пиво	Крафтове пиво
Club	Klubi	Клуб	Клуб
Experimental	Eksperimentaalne	Экспериментальное	Експериментальне
Techno	Tehno	Техно	Техно
House	House	Хаус	Хаус
Electronic	Elektrooniline	Электронная музыка	Електроніка
Ambient	Ambient	Эмбиент	Ембієнт
Noise	Noise	Нойз	Нойз
Punk	Punk	Панк	Панк
Indie	Indie	Инди	Інді
Jazz	Džäss	Джаз	Джаз
Folk	Folk	Фолк	Фолк
Hip-hop	Hip-hop	Хип-хоп	Хіп-хоп
Metal	Metal	Метал	Метал
Rock	Rock	Рок	Рок
Classical	Klassikaline	Классика	Класика
Queer	Queer	Квир	Квір
Drag	Drag	Драг	Драг
Poetry	Luule	Поэзия	Поезія
Zines	Ajakirjad	Зины	Зіни
Vinyl	Vinüül	Винил	Вініл
Arthouse	Autorikino	Арт-хаус	Артхаус
Documentary	Dokumentaalfilm	Документальное кино	Документальне кіно
Contemporary	Kaasaegne	Современное	Сучасне
Stand-up	Stand-up	Стендап	Стендап
Comedy	Komöödia	Комедия	Комедія
Improv	Improvisatsioon	Импровизация	Імпровізація
Satire	Satiir	Сатира	Сатира
Political	Poliitiline	Политика	Політика
Design	Disain	Дизайн	Дизайн
Fashion	Mood	Мода	Мода
Sauna	Saun	Сауна	Сауна
Climate	Kliima	Климат	Клімат
Photography	Fotograafia	Фотография	Фотографія
Print	Trükk	Печать	Друк
Illustration	Illustratsioon	Иллюстрация	Ілюстрація
Open mic	Open mic	Открытый микрофон	Відкритий мікрофон
Karaoke	Karaoke	Караоке	Караоке
Life drawing	Elavmodelli joonistamine	Рисование с натуры	Малювання з натури
Easy alone	Lihtne üksi minna	Легко одному	Легко самому
Independent stage	Sõltumatu lava	Независимая сцена	Незалежна сцена
Sunday	Pühapäev	Воскресенье	Неділя
Monday	Esmaspäev	Понедельник	Понеділок
Tuesday	Teisipäev	Вторник	Вівторок
Wednesday	Kolmapäev	Среда	Середа
Thursday	Neljapäev	Четверг	Четвер
Friday	Reede	Пятница	Пʼятниця
Saturday	Laupäev	Суббота	Субота
Talks and workshops	Vestlused ja töötoad	Лекции и мастер-классы	Лекції та майстер-класи
Listed as closed	Märgitud suletuks	Отмечено как закрытое	Позначено як закрите
Status unverified	Olek kinnitamata	Статус не подтверждён	Статус не підтверджено
Open, 24 hours	Avatud, ööpäevaringselt	Открыто круглосуточно	Відчинено цілодобово
Shut today	Täna suletud	Сегодня закрыто	Сьогодні зачинено
Tmrw	Homme	Завтра	Завтра
Time not listed	Kellaaeg pole märgitud	Время не указано	Час не вказано
Open	Avatud	Открыто	Відчинено
Location is off in this browser, so rows show the area instead	Asukoht on selles brauseris välja lülitatud, seega näitavad read hoopis piirkonda	Геолокация в этом браузере выключена, поэтому в строках показан район	Геолокацію в цьому браузері вимкнено, тому в рядках показано район
You, signed in	Sina, sisse logitud	Вы, вход выполнен	Ви, вхід виконано
Põhja-Tallinna	Põhja-Tallinna	Северного Таллина	Північного Таллінна
Wrong time or date	Vale kellaaeg või kuupäev	Неверное время или дата	Неправильний час або дата
Wrong venue	Vale koht	Неверное место	Неправильне місце
Cancelled or moved	Tühistatud või edasi lükatud	Отменено или перенесено	Скасовано або перенесено
Listed twice	Kirjas kaks korda	Указано дважды	Вказано двічі
Something else	Midagi muud	Что-то другое	Щось інше
More routes	Veel marsruute	Ещё маршруты	Ще маршрути
No route right now	Praegu marsruuti pole	Сейчас маршрута нет	Зараз маршруту немає
Nothing fits together right now.	Praegu ei sobi miski kokku.	Сейчас ничего не сочетается.	Зараз нічого не складається докупи.
A walk through Tallinn	Jalutuskäik läbi Tallinna	Прогулка по Таллину	Прогулянка Таллінном
View walk	Vaata jalutuskäiku	Посмотреть прогулку	Переглянути прогулянку
A gallery	Galerii	Галерея	Галерея
An arts centre	Kunstikeskus	Центр искусств	Центр мистецтв
A film	Film	Фильм	Фільм
A museum	Muuseum	Музей	Музей
A thrift shop	Kaltsupood	Секонд-хенд	Секонд-хенд
A place	Koht	Место	Місце
Show everything saved	Näita kõike salvestatut	Показать всё сохранённое	Показати все збережене
Nothing dated is saved. Events you save land here, soonest first.	Kuupäevaga salvestatut pole. Salvestatud sündmused tulevad siia, varaseimad ees.	Сохранённых событий с датой нет. Сохранённые события появятся здесь, ближайшие первыми.	Збережених подій із датою немає. Збережені події зʼявляться тут, найближчі першими.
Save a shop or a gallery. It waits here for a free afternoon.	Salvesta pood või galerii. See ootab siin vaba pärastlõunat.	Сохраните магазин или галерею. Они подождут здесь до свободного дня.	Збережіть магазин чи галерею. Вони чекатимуть тут на вільний день.
A saved listing	Salvestatud kuulutus	Сохранённое событие	Збережена подія
Remove	Eemalda	Удалить	Видалити
Name it	Pane nimi	Назовите	Назвіть
Create	Loo	Создать	Створити
Lists	Nimekirjad	Списки	Списки
Tap a list to see only what is in it	Puuduta nimekirja, et näha ainult selles olevat	Нажмите на список, чтобы увидеть только его содержимое	Натисніть на список, щоб бачити лише його вміст
Group saves into a night out, a trip, a weekend	Grupeeri salvestatu õhtuks, reisiks, nädalavahetuseks	Объединяйте сохранённое в вечер, поездку, выходные	Обʼєднуйте збережене у вечір, поїздку, вихідні
Only what is in this list.	Ainult see, mis on selles nimekirjas.	Только то, что в этом списке.	Лише те, що в цьому списку.
Soonest first. Stays in this browser.	Varaseimad ees. Jääb sellesse brauserisse.	Ближайшие первыми. Хранится в этом браузере.	Найближчі першими. Зберігається в цьому браузері.
Nothing saved yet.	Midagi pole veel salvestatud.	Пока ничего не сохранено.	Поки нічого не збережено.
Save from any listing. It waits here, even offline.	Salvesta mis tahes kuulutuselt. See ootab siin, ka ilma ühenduseta.	Сохраняйте из любого события. Оно ждёт здесь, даже офлайн.	Зберігайте з будь-якої події. Вона чекатиме тут, навіть офлайн.
Coming up	Tulemas	Скоро	Незабаром
Saved listings awaiting details	Salvestatud kuulutused, mis ootavad üksikasju	Сохранённые события, ожидающие подробностей	Збережені події, що чекають на подробиці
Over since you saved it	Lõppenud pärast salvestamist	Закончилось после сохранения	Завершилося після збереження
A listing	Kuulutus	Событие	Подія
No source named.	Allikat pole nimetatud.	Источник не указан.	Джерело не вказано.
This page needs a source to show.	See leht vajab näitamiseks allikat.	Этой странице нужен источник.	Цій сторінці потрібне джерело.
A source we read	Allikas, mida loeme	Источник, который мы читаем	Джерело, яке ми читаємо
Venue	Koht	Место	Місце
Source excerpt unavailable	Allika väljavõte pole saadaval	Отрывок из источника недоступен	Уривок із джерела недоступний
Auto	Automaatne	Авто	Авто
Light	Hele	Светлая	Світла
Dark	Tume	Тёмная	Темна
Switch to light mode	Lülita heledasse režiimi	Переключить на светлую тему	Перемкнути на світлу тему
Switch to dark mode	Lülita tumedasse režiimi	Переключить на тёмную тему	Перемкнути на темну тему
Show password	Näita parooli	Показать пароль	Показати пароль
Hide password	Peida parool	Скрыть пароль	Сховати пароль
No description filed	Kirjeldust pole lisatud	Описание не указано	Опис не вказано
Needs the Home Screen app	Vajab avaekraani rakendust	Нужно приложение на главном экране	Потрібен застосунок на головному екрані
Alerts need the app on your Home Screen.	Teavituste jaoks peab rakendus olema sinu avaekraanil.	Для уведомлений приложение должно быть на главном экране.	Для сповіщень застосунок має бути на головному екрані.
Blocked	Blokeeritud	Заблокировано	Заблоковано
Notifications on this device	Teavitused sellel seadmel	Уведомления на этом устройстве	Сповіщення на цьому пристрої
Saved plan changes	Salvestatud plaani muutused	Изменения сохранённых планов	Зміни збережених планів
Tonight from followed places	Täna õhtul jälgitavates kohtades	Сегодня у ваших подписок	Сьогодні у ваших підписок
One note at 16:00, only when something starts	Üks teavitus kell 16:00, ainult siis, kui midagi algab	Одно уведомление в 16:00, только если что-то начинается	Одне сповіщення о 16:00, лише якщо щось починається
Send a test notification	Saada testteavitus	Отправить тестовое уведомление	Надіслати тестове сповіщення
Clear inbox	Tühjenda postkast	Очистить входящие	Очистити вхідні
Starting point	Alguspunkt	Начальная точка	Початкова точка
Keep what you find	Hoia alles, mida leiad	Сохраняйте найденное	Зберігайте знайдене
Save places and listings, and get a note when a show you saved changes. No password.	Salvesta kohti ja sündmusi ning saa teade, kui salvestatud etendus muutub. Parooli pole.	Сохраняйте места и события и получайте уведомление, когда сохранённое событие меняется. Без пароля.	Зберігайте місця й події та отримуйте сповіщення, коли збережена подія змінюється. Без пароля.
Google	Google	Google	Google
Your taste	Sinu maitse	Ваш вкус	Ваш смак
Start from	Alguspunkt	Откуда идём	Звідки йдемо
Appearance	Välimus	Оформление	Оформлення
Unfollow	Lõpeta jälgimine	Отписаться	Відписатися
Follow a venue from its page.	Jälgi kohta selle lehelt.	Подпишитесь на место на его странице.	Підпишіться на місце на його сторінці.
Forget what I've opened	Unusta avatud	Забыть открытое	Забути відкрите
Nothing opened yet.	Midagi pole veel avatud.	Пока ничего не открыто.	Поки нічого не відкрито.
Sign out	Logi välja	Выйти	Вийти
Delete account	Kustuta konto	Удалить аккаунт	Видалити акаунт
Your saves and history stay in this browser. Signed in, they also live in your account until you delete it here.	Sinu salvestatu ja ajalugu jäävad sellesse brauserisse. Sisse logituna on need ka sinu kontol, kuni sa selle siin kustutad.	Ваши сохранённые события и история остаются в этом браузере. После входа они также хранятся в аккаунте, пока вы не удалите его здесь.	Ваші збережені події та історія лишаються в цьому браузері. Після входу вони також зберігаються в акаунті, доки ви не видалите його тут.
The full note	Täismärkus	Полная заметка	Повна нотатка
Calendar feed	Kalendrivoog	Календарная лента	Календарна стрічка
Forget everything on this device	Unusta kõik sellel seadmel	Забыть всё на этом устройстве	Забути все на цьому пристрої
Add this to your calendar	Lisa see oma kalendrisse	Добавить в календарь	Додати до календаря
Could not save. Try again later	Salvestamine ebaõnnestus. Proovi hiljem uuesti	Не удалось сохранить. Попробуйте позже	Не вдалося зберегти. Спробуйте пізніше
Open Settings, then Notifications, then WanderAlt, and allow notifications.	Ava Seaded, seejärel Teavitused, siis WanderAlt ja luba teavitused.	Откройте «Настройки», затем «Уведомления», затем WanderAlt и разрешите уведомления.	Відкрийте «Параметри», потім «Сповіщення», потім WanderAlt і дозвольте сповіщення.
Notifications are blocked for this site in your browser settings.	Teavitused on selle saidi jaoks brauseri seadetes blokeeritud.	Уведомления для этого сайта заблокированы в настройках браузера.	Сповіщення для цього сайту заблоковано в налаштуваннях браузера.
On for this device	Sellel seadmel sees	Включено на этом устройстве	Увімкнено на цьому пристрої
Just now	Just praegu	Только что	Щойно
Checked just now	Kontrollitud äsja	Проверено только что	Перевірено щойно
Inbox	Postkast	Входящие	Вхідні
Kept for 30 days	Säilitatakse 30 päeva	Хранится 30 дней	Зберігається 30 днів
Nothing yet.	Veel pole midagi.	Пока ничего.	Поки нічого.
Notifications	Teavitused	Уведомления	Сповіщення
Walks start here	Jalutuskäigud algavad siit	Прогулки начинаются здесь	Прогулянки починаються тут
Staying somewhere? Pick a place you know and walking times start there, with no location prompt.	Peatud kuskil? Vali tuttav koht ja jalutusajad algavad sealt, ilma asukohapäringuta.	Остановились где-то? Выберите знакомое место, и время пешком будет считаться от него, без запроса геолокации.	Зупинилися десь? Виберіть знайоме місце, і час пішки рахуватиметься від нього, без запиту геолокації.
A venue	Koht	Место	Місце
A saved search	Salvestatud otsing	Сохранённый поиск	Збережений пошук
Follow my device	Järgi minu seadet	Как на устройстве	Як на пристрої
Opened earlier	Avatud varem	Открыто ранее	Відкрито раніше
Account	Konto	Аккаунт	Обліковий запис
Data and privacy	Andmed ja privaatsus	Данные и конфиденциальность	Дані та приватність
Notifications were not allowed	Teavitusi ei lubatud	Уведомления не разрешены	Сповіщення не дозволено
Could not clear. Try again later	Tühjendamine ebaõnnestus. Proovi hiljem uuesti	Не удалось очистить. Попробуйте позже	Не вдалося очистити. Спробуйте пізніше
Forgot what you opened	Unustasin, mida avasid	Забыто, что вы открывали	Забуто, що ви відкривали
Sent	Saadetud	Отправлено	Надіслано
Could not send	Saatmine ebaõnnestus	Не удалось отправить	Не вдалося надіслати
Delete your account?	Kustuta oma konto?	Удалить аккаунт?	Видалити обліковий запис?
Could not delete the account. Nothing was changed	Kontot ei õnnestunud kustutada. Midagi ei muudetud	Не удалось удалить аккаунт. Ничего не изменено	Не вдалося видалити обліковий запис. Нічого не змінено
Forget everything on this device?	Unusta kõik sellel seadmel?	Забыть всё на этом устройстве?	Забути все на цьому пристрої?
Forget everything	Unusta kõik	Забыть всё	Забути все
Language	Keel	Язык	Мова
The interface follows your choice. Listings stay in the language they were written in.	Liides järgib sinu valikut. Kuulutused jäävad keelde, milles need kirjutati.	Интерфейс следует вашему выбору. События остаются на языке, на котором написаны.	Інтерфейс відповідає вашому вибору. Події лишаються мовою, якою їх написано.
Price not listed	Hind pole teada	Цена не указана	Ціну не вказано
Show the map	Näita kaarti	Показать карту	Показати карту
Primary	Peamine	Основная	Основна
WanderAlt, Tallinn tonight	WanderAlt, Tallinn täna õhtul	WanderAlt, Таллин сегодня вечером	WanderAlt, Таллінн сьогодні ввечері
Toggle attribution	Näita või peida viited	Показать или скрыть источники	Показати або сховати джерела
Shapes your walks	Mõjutab sinu jalutuskäike	Влияет на ваши прогулки	Впливає на ваші прогулянки
Art	Kunst	Искусство	Мистецтво
Gig	Kontsert	Концерт	Концерт
Bar	Baar	Бар	Бар
hours not listed	lahtiolekuajad pole märgitud	часы не указаны	години не вказано
open	avatud	открыто	відчинено
Listed here next	Siin järgmisena kuulutatud	Дальше здесь	Далі тут
OpenStreetMap	OpenStreetMap	OpenStreetMap	OpenStreetMap
the venue's own site	koha enda saidilt	собственного сайта заведения	власного сайту закладу
its Facebook page	selle Facebooki lehelt	его страницы в Facebook	його сторінки у Facebook
its Instagram bio	selle Instagrami profiilist	его профиля в Instagram	його профілю в Instagram
a check by us	meie kontrollist	нашей проверки	нашої перевірки
OpenStreetMap or the venue's own site	OpenStreetMapist või koha enda saidilt	OpenStreetMap или собственного сайта заведения	OpenStreetMap або власного сайту закладу
MON	E	ПН	ПН
TUE	T	ВТ	ВТ
WED	K	СР	СР
THU	N	ЧТ	ЧТ
FRI	R	ПТ	ПТ
SAT	L	СБ	СБ
SUN	P	ВС	НД
soonest first	varaseimad ees	сначала ближайшие по времени	спершу найближчі за часом
nearest first	lähimad ees	сначала ближайшие	спершу найближчі
No places match this search.	Ükski koht ei vasta sellele otsingule.	Ни одно место не подходит под этот поиск.	Жодне місце не відповідає цьому пошуку.
Try a place name or another kind of place.	Proovi koha nime või teist liiki kohta.	Попробуйте название места или другой тип места.	Спробуйте назву місця або інший тип місця.
Places without filed hours aren't included.	Teadmata lahtiolekuaegadega kohti ei näidata.	Места без указанных часов не включены.	Місця без вказаних годин не включено.
Could not find your location. Try Near me again, or choose a starting place on You.	Asukohta ei õnnestunud leida. Proovi uuesti nuppu Minu lähedal või vali alguskoht lehel Sina.	Не удалось определить местоположение. Попробуйте «Рядом со мной» ещё раз или выберите начальную точку на странице «Вы».	Не вдалося визначити ваше місцезнаходження. Спробуйте «Поруч зі мною» ще раз або виберіть початкову точку на сторінці «Ви».
Saved on this device. Waiting to sync.	Salvestatud selles seadmes. Ootab sünkroonimist.	Сохранено на этом устройстве. Ожидает синхронизации.	Збережено на цьому пристрої. Очікує синхронізації.
Synced to your account.	Sünkroonitud sinu kontoga.	Синхронизировано с вашим аккаунтом.	Синхронізовано з вашим обліковим записом.
This walk is no longer available	See jalutuskäik pole enam saadaval	Эта прогулка больше недоступна	Ця прогулянка більше недоступна
Choose a walk for today.	Vali jalutuskäik tänaseks.	Выберите прогулку на сегодня.	Виберіть прогулянку на сьогодні.
Its date or stops have changed. Now has walks for the next few hours.	Selle kuupäev või peatused on muutunud. Praegu pakub jalutuskäike järgmisteks tundideks.	Дата или остановки изменились. В разделе «Сейчас» есть прогулки на ближайшие часы.	Дата або зупинки змінилися. У розділі «Зараз» є прогулянки на найближчі години.
Place types	Kohtade tüübid	Типы мест	Типи місць
With known hours	Teadaolevate lahtiolekuaegadega	С известными часами работы	З відомими годинами роботи
All place types in the Guide	Kõik kohtade tüübid teejuhis	Все типы мест в путеводителе	Усі типи місць у путівнику
Show all matching places	Näita kõiki sobivaid kohti	Показать все подходящие места	Показати всі відповідні місця
picked first	valitud kohad esimesena	сначала отобранные места	спершу вибрані місця
the city centre	linna keskus	центр города	центр міста
Search places or listings	Otsi kohti või sündmusi	Искать места или события	Шукати місця або події
Try another area, a longer walk or another kind of place.	Proovi teist piirkonda, pikemat jalutuskäiku või teist tüüpi kohta.	Попробуйте другой район, более длинную прогулку или другой тип места.	Спробуйте інший район, довшу прогулянку або інший тип місця.
including closed places	ka suletud kohad	включая закрытые места	включно із зачиненими місцями
Couldn't refresh. Showing last loaded listings.	Uuendamine ebaõnnestus. Kuvatakse viimati laaditud sündmused.	Не удалось обновить. Показаны ранее загруженные события.	Не вдалося оновити. Показано раніше завантажені події.
We can't load listings right now.	Sündmusi ei saa praegu laadida.	Сейчас не удаётся загрузить события.	Зараз не вдається завантажити події.
Trying again…	Proovime uuesti…	Пробуем ещё раз…	Пробуємо ще раз…
DIY gigs, club nights, arthouse film, contemporary art and dance, talks and markets, and the shops and rooms that host them. No hosts, no bookings, no commission. If a listing is wrong, the venue's own page is wrong, and we say where we read it.	DIY-kontserdid, klubiõhtud, autorikino, kaasaegne kunst ja tants, vestlusõhtud ja turud ning poed ja ruumid, kus need toimuvad. Ei vahendajaid, broneeringuid ega vahendustasu. Kui kuulutuses on viga, on viga koha enda lehel, ja me ütleme, kust selle lugesime.	DIY-концерты, клубные вечеринки, авторское кино, современное искусство и танец, лекции и маркеты, а также магазины и площадки, где всё это проходит. Без посредников, бронирований и комиссий. Если в событии ошибка, значит, она на странице самого места, и мы указываем, где это прочитали.	DIY-концерти, клубні вечірки, авторське кіно, сучасне мистецтво й танець, лекції та маркети, а також крамниці й простори, де все це відбувається. Без посередників, бронювань і комісій. Якщо в події помилка, то вона на сторінці самого місця, і ми вказуємо, де це прочитали.
Saves, interests and what you open stay in your browser.	Salvestatu, huvid ja see, mida avad, jäävad sinu brauserisse.	Сохранённое, интересы и то, что вы открываете, остаются в вашем браузере.	Збережене, інтереси й те, що ви відкриваєте, лишаються у вашому браузері.
Signed in, your saves, lists, follows, going marks and alert settings also live in your account, with your inbox, until you delete it.	Sisse logituna on sinu salvestused, nimekirjad, jälgimised, „lähen“ märked ja teavituste seaded ka sinu kontol koos postkastiga, kuni sa selle kustutad.	Если вы вошли в аккаунт, сохранённое, списки, подписки, отметки «пойду» и настройки уведомлений хранятся и в нём вместе со входящими, пока вы его не удалите.	Якщо ви ввійшли, збережене, списки, підписки, позначки «піду» та налаштування сповіщень зберігаються й у вашому обліковому записі разом із вхідними, доки ви його не видалите.
Delete your account	Kustuta oma konto	Удалить аккаунт	Видалити обліковий запис
Google sign-in gives us your email address and nothing else.	Google'iga sisselogimine annab meile ainult sinu e-posti aadressi.	Вход через Google сообщает нам только ваш адрес электронной почты.	Вхід через Google передає нам лише вашу адресу електронної пошти.
Alerts stay in the app, and a push goes only to a device you allow.	Teavitused jäävad rakendusse ja tõuketeavitus läheb ainult seadmesse, mille oled lubanud.	Уведомления остаются в приложении, а push приходит только на устройство, которое вы разрешили.	Сповіщення лишаються в застосунку, а push надходить лише на пристрій, який ви дозволили.
We send no email announcements.	Me ei saada e-posti teel teadaandeid.	Мы не рассылаем писем с объявлениями.	Ми не надсилаємо листів з оголошеннями.
No cookies to consent to, no analytics, no third-party scripts.	Pole küpsiseid, millega nõustuda, analüütikat ega kolmandate osapoolte skripte.	Никаких cookie-баннеров, аналитики и сторонних скриптов.	Жодних cookie-банерів, аналітики чи сторонніх скриптів.
What we read about venues, including their public Facebook and Instagram business pages, and how a venue has it removed:	Mida me kohtade kohta loeme, sealhulgas nende avalikelt Facebooki ja Instagrami ärilehtedelt, ja kuidas koht saab andmed eemaldada:	Что мы читаем о местах, в том числе на их публичных бизнес-страницах в Facebook и Instagram, и как место может удалить эти данные:	Що ми читаємо про місця, зокрема на їхніх публічних бізнес-сторінках у Facebook та Instagram, і як місце може видалити ці дані:
Facts about venues (opening hours, website, a one-line description, a logo) come from the venue's own site, OpenStreetMap, Wikidata, and the public Facebook Page and Instagram business account of the venue, read through Meta's official API.	Kohtade andmed (lahtiolekuajad, veebileht, üherealine kirjeldus, logo) pärinevad koha enda saidilt, OpenStreetMapist, Wikidatast ning koha avalikult Facebooki lehelt ja Instagrami ärikontolt, mida loeme Meta ametliku API kaudu.	Сведения о местах (часы работы, сайт, описание в одну строку, логотип) берутся с сайта самого места, из OpenStreetMap и Wikidata, а также с публичной страницы места в Facebook и его бизнес-аккаунта в Instagram через официальный API Meta.	Відомості про місця (години роботи, сайт, опис в один рядок, логотип) беруться із сайту самого місця, з OpenStreetMap і Wikidata, а також із публічної сторінки місця у Facebook та його бізнес-акаунта в Instagram через офіційний API Meta.
We read business pages only, never a person's profile, and keep no contact details.	Loeme ainult ettevõtete lehti, mitte kunagi inimeste profiile, ega hoia kontaktandmeid.	Мы читаем только страницы организаций, никогда не профили людей, и не храним контактные данные.	Ми читаємо лише сторінки організацій, ніколи не профілі людей, і не зберігаємо контактних даних.
A venue that wants a fact corrected or its details removed writes to us at	Koht, kes soovib andmeid parandada või eemaldada, kirjutab meile aadressil	Место, которое хочет исправить сведения о себе или удалить их, пишет нам на	Місце, яке хоче виправити відомості про себе або видалити їх, пише нам на
We do it within 30 days and stop reading its pages.	Teeme seda 30 päeva jooksul ja lõpetame selle lehtede lugemise.	Мы делаем это в течение 30 дней и перестаём читать его страницы.	Ми робимо це протягом 30 днів і перестаємо читати його сторінки.
Signed-in visitors can delete their account and everything in it:	Sisse loginud külastajad saavad oma konto ja kõik selles kustutada:	Вошедшие пользователи могут удалить свой аккаунт и всё, что в нём:	Користувачі, які ввійшли, можуть видалити свій обліковий запис і все, що в ньому:
Listings belong to the venues and sources they came from, and we link to each one.	Kuulutused kuuluvad kohtadele ja allikatele, kust need pärinevad, ning me lingime igaühele.	События принадлежат местам и источникам, откуда они взяты, и мы ссылаемся на каждый.	Події належать місцям і джерелам, звідки їх узято, і ми посилаємося на кожне.
We print what the source said and when we read it.	Näitame, mida allikas ütles ja millal me seda lugesime.	Мы показываем, что сказал источник и когда мы это прочитали.	Ми показуємо, що сказало джерело і коли ми це прочитали.
We cannot promise a door will be open.	Me ei saa lubada, et uks on lahti.	Мы не можем обещать, что дверь будет открыта.	Ми не можемо обіцяти, що двері будуть відчинені.
Another	Veel üks	Другой	Інший
Any	Mis tahes	Любая	Будь-яка
Open in Maps	Ava kaardirakenduses	Открыть в Картах	Відкрити в Картах
Walking times follow the streets at an easy pace.	Jalutusajad arvestavad tänavaid ja rahulikku sammu.	Время пешком посчитано по улицам, спокойным шагом.	Час пішки пораховано вулицями, спокійним кроком.
Place times are suggested.	Kohtade külastusajad on soovituslikud.	Время посещения мест предложено для плана.	Час відвідування місць запропоновано для плану.
Place costs are not included.	Kohtade külastuskulud ei ole arvestatud.	Расходы в заведениях не учтены.	Витрати в закладах не враховано.
Some opening hours are not listed. Check before you go.	Mõne koha lahtiolekuajad on teadmata. Kontrolli enne minekut.	Часы работы некоторых мест не указаны. Проверьте перед выходом.	Години роботи деяких місць не вказано. Перевірте перед виходом.
The event end time is not listed. Later stops are flexible.	Sündmuse lõppaeg on teadmata. Hilisemate peatuste aega saab kohandada.	Время окончания события не указано. Последующие остановки можно сдвинуть.	Час завершення події не вказано. Наступні зупинки можна змістити.
Some stops have no map location. Open their pages for address details.	Mõne peatuse asukoht kaardil on teadmata. Aadressi vaata peatuse lehelt.	Некоторые остановки не отмечены на карте. Адреса смотрите на их страницах.	Деякі зупинки не позначено на мапі. Адреси дивіться на їхніх сторінках.
Tickets and opening hours can change. Check each stop before you go.	Piletite saadavus ja lahtiolekuajad võivad muutuda. Kontrolli iga peatust enne minekut.	Наличие билетов и часы работы могут измениться. Проверьте каждую остановку перед выходом.	Наявність квитків і години роботи можуть змінитися. Перевірте кожну зупинку перед виходом.
Was	Toimus	Прошло	Минуло
closed	suletud	закрыто	зачинено
where you are	sinu asukohast	вас	вас
your chosen place	sinu valitud kohast	выбранного места	вибраного місця
your chosen spot	sinu valitud koht	выбранное место	вибране місце
Price not listed.	Hind teadmata.	Цена не указана.	Ціну не вказано.
Free entry.	Tasuta sissepääs.	Вход свободный.	Вхід вільний.
free entry	tasuta sissepääs	вход свободный	вхід вільний
A bar	Baar	Бар	Бар
A club	Klubi	Клуб	Клуб
A gig	Kontsert	Концерт	Концерт
A club night	Klubiõhtu	Клубная ночь	Клубна ніч
A stage	Etendus	Спектакль	Вистава
A talk	Vestlusõhtu	Лекция	Лекція
A workshop	Töötuba	Мастер-класс	Майстер-клас
An opening	Avamine	Открытие	Відкриття
A festival	Festival	Фестиваль	Фестиваль
A show	Üritus	Событие	Подія
A late drink	Hiline jook	Поздний бокал	Пізній келих
A drink	Jook	Бокал	Келих
Another late drink	Veel üks hiline jook	Ещё один поздний бокал	Ще один пізній келих
Another drink	Veel üks jook	Ещё бокал	Ще келих
Another club	Veel üks klubi	Ещё один клуб	Ще один клуб
Another bar	Veel üks baar	Ещё один бар	Ще один бар
Another film	Veel üks film	Ещё один фильм	Ще один фільм
Another gallery	Veel üks galerii	Ещё одна галерея	Ще одна галерея
Another thrift shop	Veel üks kaltsupood	Ещё один секонд-хенд	Ще один секонд-хенд
Source:	Allikas:	Источник:	Джерело:
© OpenStreetMap contributors	© OpenStreetMapi kaastöölised	© Участники OpenStreetMap	© Учасники OpenStreetMap
City or place	Linn või koht	Город или место	Місто або місце
Choose a nearby venue	Vali lähedal asuv koht	Выберите место поблизости	Виберіть місце поблизу
Using your location	Kasutan sinu asukohta	Используется ваша геолокация	Використовується ваша геолокація
Location is blocked. Allow it in browser settings, or choose a place.	Asukoht on blokeeritud. Luba see brauseri seadetes või vali koht.	Геолокация заблокирована. Разрешите её в настройках браузера или выберите место.	Геолокацію заблоковано. Дозвольте її в налаштуваннях браузера або виберіть місце.
Could not get your location. Try again or choose a place.	Asukohta ei õnnestunud määrata. Proovi uuesti või vali koht.	Не удалось определить местоположение. Попробуйте ещё раз или выберите место.	Не вдалося визначити місцезнаходження. Спробуйте ще раз або виберіть місце.
Nothing is a short walk from here. Choose another starting point or Whole city.	Siit pole midagi lühikese jalutuskäigu kaugusel. Vali teine alguspunkt või Kogu linn.	Рядом ничего нет. Выберите другую точку отсчёта или Весь город.	Поруч нічого немає. Виберіть іншу точку відліку або Все місто.
Whole city	Kogu linn	Весь город	Все місто
Choose a place	Vali koht	Выберите место	Виберіть місце
Right by here	Siinsamas	Совсем рядом	Зовсім поруч
Nearest to here first	Siit lähimad ees	Сначала ближайшие отсюда	Спершу найближчі звідси

# Shared discovery controls and image-first feed
A walk for now	Jalutuskäik praegu	Прогулка сейчас	Прогулянка зараз
Two or three stops on foot	Kaks või kolm peatust jalgsi	Две или три остановки пешком	Дві або три зупинки пішки
See the next few hours	Vaata järgmisi tunde	Посмотреть ближайшие часы	Переглянути найближчі години
Show results	Näita tulemusi	Показать результаты	Показати результати
Date	Kuupäev	Дата	Дата
Date range	Kuupäevavahemik	Диапазон дат	Діапазон дат
Through	Kuni	По	До
Apply	Rakenda	Применить	Застосувати
No listings match these choices.	Nende valikutega sündmusi ei ole.	Нет событий по выбранным условиям.	Немає подій за вибраними умовами.
Change filters	Muuda filtreid	Изменить фильтры	Змінити фільтри
Source	Allikas	Источник	Джерело
Venue image	Koha pilt	Фото места	Фото місця
Hours shown for now	Lahtiolekuajad praeguse hetke järgi	Часы работы сейчас	Години роботи зараз
Map of Tallinn	Tallinna kaart	Карта Таллинна	Мапа Таллінна
No places match these choices.	Nende valikutega kohti ei ole.	Нет мест по выбранным условиям.	Немає місць за вибраними умовами.
The selected listings and places, by walking time.	Valitud sündmused ja kohad jalutamisaja järgi.	Выбранные события и места по времени пешком.	Вибрані події та місця за часом пішки.
Browse map	Vaata kaarti	Открыть карту	Відкрити мапу
Map uses shared filters	Kaart kasutab samu filtreid	Карта использует общие фильтры	Мапа використовує спільні фільтри
Zoom out or move the map.	Vähenda suumi või liiguta kaarti.	Уменьшите масштаб или сдвиньте карту.	Зменште масштаб або посуньте мапу.
Events layer off	Sündmuste kiht on väljas	Слой событий выключен	Шар подій вимкнено
Location needed; showing soonest	Asukoht vajalik; varaseimad ees	Нужна геолокация; сначала ранние	Потрібна геолокація; спершу ранні
At 16:00 when listed	Kell 16:00, kui toimub	В 16:00, если запланировано	О 16:00, якщо заплановано
After	Pärast	После	Після
Your saves carry over	Sinu salvestused tulevad kaasa	Сохранённое останется с вами	Збережене залишиться з вами
No password needed	Parooli pole vaja	Пароль не нужен	Пароль не потрібен
Signed in	Sisse logitud	Вы вошли	Ви ввійшли
Your saves sync between devices.	Salvestused sünkroonitakse seadmete vahel.	Сохранённое синхронизируется между устройствами.	Збережене синхронізується між пристроями.
Saved in this browser	Salvestatud selles brauseris	Сохранено в этом браузере	Збережено в цьому браузері
Stays in this browser.	Jääb sellesse brauserisse.	Хранится в этом браузере.	Зберігається в цьому браузері.
No signal	Ühendus puudub	Нет связи	Немає зв’язку
Showing last loaded listings	Viimati laaditud sündmused	Последние загруженные события	Останні завантажені події
Saves work offline	Salvestused toimivad võrguühenduseta	Сохранённое доступно без сети	Збережене доступне без мережі
Distances won't update	Kaugused ei uuene	Расстояния не обновляются	Відстані не оновлюються
cached just now	äsja salvestatud	только что загружено	щойно завантажено
price not listed	hind teadmata	цена не указана	ціну не вказано
it has already happened	see on juba toimunud	уже прошло	уже відбулося
it is no longer in the programme	seda pole enam kavas	больше нет в программе	більше немає в програмі
it is no longer listed	seda pole enam nimekirjas	больше нет в списке	більше немає в списку
Details are loading	Andmed laaditakse	Данные загружаются	Дані завантажуються
Details could not load	Andmeid ei saanud laadida	Не удалось загрузить данные	Не вдалося завантажити дані
These saves are kept	Need salvestused säilivad	Сохранённое остаётся на месте	Збережене залишається на місці
No saved events yet	Sündmusi pole veel salvestatud	Пока нет сохранённых событий	Поки немає збережених подій
No saved places yet	Kohti pole veel salvestatud	Пока нет сохранённых мест	Поки немає збережених місць
This is our reading of the listing; the organiser has not confirmed it.	See on meie tõlgendus kuulutusest; korraldaja pole seda kinnitanud.	Это наше прочтение события; организатор его не подтвердил.	Це наше прочитання події; організатор його не підтвердив.
a quiz	viktoriin	викторина	вікторина
a game night	mänguõhtu	вечер настольных игр	вечір настільних ігор
a craft club	käsitööklubi	кружок рукоделия	гурток рукоділля
an open stage	vaba lava	открытая сцена	відкрита сцена
a drawing night	joonistusõhtu	вечер рисования	вечір малювання
a language night	keeleõhtu	языковой вечер	мовний вечір
a night for meeting people	tutvumisõhtu	вечер знакомств	вечір знайомств
a club night	klubiõhtu	клубный вечер	клубний вечір
a night	õhtu	вечер	вечір
Try a different time or starting point, or browse the picked places in the Guide.	Proovi teist aega või lähtepunkti või vaata teejuhis valitud kohti.	Попробуйте другое время или отправную точку либо посмотрите отобранные места в гиде.	Спробуйте інший час або початкову точку чи перегляньте вибрані місця в гіді.
Your saves, lists, follows, alerts and inbox are removed, and this device forgets them too. This cannot be undone.	Sinu salvestused, nimekirjad, jälgimised, teavitused ja postkast kustutatakse ka sellest seadmest. Seda ei saa tagasi võtta.	Ваши сохранения, списки, подписки, уведомления и входящие будут удалены, в том числе с этого устройства. Отменить это нельзя.	Ваші збереження, списки, підписки, сповіщення та вхідні буде видалено, зокрема з цього пристрою. Скасувати це неможливо.
Saves, lists, follows and history are cleared from this browser and you are signed out. An account keeps its saves; sign in to bring them back.	Salvestused, nimekirjad, jälgimised ja ajalugu kustutatakse sellest brauserist ning sind logitakse välja. Kontol säilivad salvestused; nende taastamiseks logi sisse.	Сохранения, списки, подписки и история будут удалены из этого браузера, и вы выйдете из аккаунта. Сохранённое в аккаунте останется; войдите, чтобы вернуть его.	Збереження, списки, підписки та історію буде видалено з цього браузера, і ви вийдете з облікового запису. Збережене в обліковому записі залишиться; увійдіть, щоб повернути його.
Closed or moved?	Suletud või kolinud?	Закрыто или переехало?	Зачинено чи переїхало?
Flagged by readers	Lugejate teatatud	Сообщения читателей	Повідомлення читачів
Facts that may have changed	Võimalikud muutused	Возможные изменения	Можливі зміни
Different places	Erinevad kohad	Разные места	Різні місця
Open the event	Ava sündmus	Открыть событие	Відкрити подію
Open the place	Ava koht	Открыть место	Відкрити місце
Withhold the place	Peida koht	Скрыть место	Приховати місце
Use the new value	Kasuta uut väärtust	Использовать новое значение	Використати нове значення
Keep what we hold	Säilita praegune	Оставить текущие данные	Залишити поточні дані
Fixed	Parandatud	Исправлено	Виправлено
Dismiss	Jäta kõrvale	Отклонить	Відхилити
Publish	Avalda	Опубликовать	Опублікувати
Reject	Lükka tagasi	Отклонить	Відхилити
Possible duplicate places	Võimalikud topeltkohad	Возможные дубликаты мест	Можливі дублікати місць
Review queue	Ülevaatuse ootel	Очередь проверки	Черга перевірки
Events the pipeline held back. Publish what belongs, reject what does not; the pipeline never changes a decision made here.	Kogumisel ootele jäetud sündmused. Avalda sobivad, lükka ülejäänud tagasi; siin tehtud otsust kogumisprotsess ei muuda.	События, отложенные сборщиком. Публикуйте подходящие, отклоняйте остальные; сборщик не меняет принятые здесь решения.	Події, відкладені збирачем. Публікуйте відповідні, відхиляйте решту; збирач не змінює ухвалених тут рішень.
Supabase secret key	Supabase’i salajane võti	Секретный ключ Supabase	Секретний ключ Supabase
Kept in this tab only (sessionStorage) and sent only to Supabase.	Hoitud ainult selles vahekaardis (sessionStorage) ja saadetud ainult Supabase’i.	Хранится только в этой вкладке (sessionStorage) и отправляется только в Supabase.	Зберігається лише в цій вкладці (sessionStorage) і надсилається лише до Supabase.
Open the queue	Ava järjekord	Открыть очередь	Відкрити чергу
Around here	Siin lähedal	Поблизости	Поблизу
Follow from venue pages	Jälgi kohtade lehtedelt	Подписывайтесь на страницах мест	Підписуйтеся на сторінках місць
Within 10 minutes’ walk	Kuni 10 minutit jalgsi	До 10 мин пешком	До 10 хв пішки
Continue with Google	Jätka Google’iga	Продолжить с Google	Продовжити з Google
or	või	или	або
We hold:	Praegu:	Текущие данные:	Поточні дані:
Nothing filed	Andmed puuduvad	Нет данных	Немає даних
Email alerts	E-posti teavitused	Уведомления по почте	Сповіщення поштою
This link is not valid.	See link ei kehti.	Эта ссылка недействительна.	Це посилання недійсне.
Stop email and notifications?	Lõpetada kirjad ja teavitused?	Отключить письма и уведомления?	Вимкнути листи та сповіщення?
Stop alerts	Lõpeta teavitused	Отключить уведомления	Вимкнути сповіщення
That did not work. Write to hello@wanderalt.app and we will stop it by hand.	See ei õnnestunud. Kirjuta aadressile hello@wanderalt.app ja lõpetame teavitused käsitsi.	Не получилось. Напишите на hello@wanderalt.app, и мы отключим уведомления вручную.	Не вдалося. Напишіть на hello@wanderalt.app, і ми вимкнемо сповіщення вручну.
Done. No more email or notifications from WanderAlt. You can switch alerts on again from You.	Valmis. WanderAlt ei saada enam kirju ega teavitusi. Saad need profiilis uuesti sisse lülitada.	Готово. Письма и уведомления WanderAlt отключены. Включить их снова можно в профиле.	Готово. Листи та сповіщення WanderAlt вимкнено. Увімкнути їх знову можна в профілі.

# Shared search and catalogue navigation
Search events or places	Otsi sündmusi või kohti	Поиск событий или мест	Пошук подій або місць
Close search	Sulge otsing	Закрыть поиск	Закрити пошук
All events	Kõik sündmused	Все события	Усі події
Search results	Otsingutulemused	Результаты поиска	Результати пошуку
All dates	Kõik kuupäevad	Все даты	Усі дати
Refine	Täpsusta	Уточнить	Уточнити
Try a search	Proovi otsida	Попробуйте поиск	Спробуйте пошук
Jazz tomorrow	Jazz homme	Джаз завтра	Джаз завтра
Record shops	Plaadipoed	Магазины пластинок	Магазини платівок
Free today	Täna tasuta	Бесплатно сегодня	Безкоштовно сьогодні
View all results	Vaata kõiki tulemusi	Все результаты	Усі результати
No matches. Try another name or browse all events and places.	Vasteid pole. Proovi teist nime või vaata kõiki sündmusi ja kohti.	Совпадений нет. Попробуйте другое название или откройте все события и места.	Збігів немає. Спробуйте іншу назву або перегляньте всі події та місця.
Loading listings	Laadin sündmusi	Загрузка событий	Завантаження подій
Walking distance unavailable	Kõndimiskaugus pole teada	Расстояние пешком неизвестно	Відстань пішки невідома
Selected filters	Valitud filtrid	Выбранные фильтры	Вибрані фільтри
Map these results	Tulemused kaardil	Эти результаты на карте	Ці результати на мапі
Back to results	Tagasi tulemuste juurde	Назад к результатам	Назад до результатів
With a listed language	Märgitud keelega	С указанным языком	Із вказаною мовою
All places and All events have the complete listings.	Kõik kohad ja Kõik sündmused sisaldavad täielikke loendeid.	Полные списки есть в разделах «Все места» и «Все события».	Повні списки є в розділах «Усі місця» та «Усі події».
Price per ticket	Pileti hind	Цена билета	Ціна квитка
Maximum price per ticket	Pileti kõrgeim hind	Максимальная цена билета	Максимальна ціна квитка
More options	Veel valikuid	Больше параметров	Більше параметрів
Sources go quiet between programmes. All events has the full listing.	Allikad vaikivad sündmuste vahel. Kõik sündmused sisaldab täielikku loendit.	Между событиями источники затихают. Полный список есть в разделе «Все события».	Між подіями джерела затихають. Повний список є в розділі «Усі події».
Keywords	Märksõnad	Ключевые слова	Ключові слова
Filters from your search	Filtrid sinu otsingust	Фильтры из вашего запроса	Фільтри з вашого запиту
Keep this search	Hoia see otsing alles	Сохранить этот поиск	Зберегти цей пошук
Near you	Sinu lähedal	Рядом с вами	Поруч із вами
More filters	Rohkem filtreid	Ещё фильтры	Більше фільтрів
Another walk	Teine jalutuskäik	Другая прогулка	Інша прогулянка
You can still walk in	Saab veel sisse astuda	Ещё можно зайти	Ще можна зайти
Already under way	Juba käimas	Уже идёт	Уже триває
Late entry may not be possible	Hilinejaid ei pruugita sisse lasta	Опоздавших могут не пустить	Запізнілих можуть не пустити
Starting soon	Algab varsti	Скоро начнётся	Незабаром почнеться
In the next two hours	Järgmise kahe tunni jooksul	В ближайшие два часа	Протягом двох годин
Later tonight	Hiljem täna õhtul	Позже вечером	Пізніше ввечері
Later today	Hiljem täna	Позже сегодня	Пізніше сьогодні
Until 05:00	Kuni 05:00	До 05:00	До 05:00
Also today	Ka täna	Также сегодня	Також сьогодні
No set time, or running	Kellaajata või kestev	Без времени или идёт несколько дней	Без часу або триває кілька днів
Cancelled or postponed	Tühistatud või edasi lükatud	Отменено или перенесено	Скасовано або перенесено
Nothing else listed tonight.	Täna õhtuks pole rohkem midagi kirjas.	На сегодняшний вечер больше ничего нет.	На сьогоднішній вечір більше нічого немає.
Change dates	Muuda kuupäevi	Изменить даты	Змінити дати
A day or a range	Päev või vahemik	День или период	День або період
Walk and map	Jalutuskäik ja kaart	Прогулка и карта	Прогулянка і мапа
Mood	Meeleolu	Настроение	Настрій
Keep your saves on every device	Hoia salvestatu igas seadmes	Сохранённое на всех устройствах	Збережене на всіх пристроях
Optional. No password.	Valikuline. Ilma paroolita.	По желанию. Без пароля.	За бажанням. Без пароля.
Saves sync to your account	Salvestatu sünkroonitakse kontoga	Сохранённое синхронизируется с аккаунтом	Збережене синхронізується з акаунтом
Not set	Valimata	Не выбрано	Не вибрано
Your location	Sinu asukoht	Ваше местоположение	Ваше розташування
Recently opened	Hiljuti avatud	Недавно открытые	Нещодавно відкриті
Up to three. Walks lean toward them; nothing is hidden.	Kuni kolm. Jalutuskäigud arvestavad neid, midagi ei peideta.	До трёх. Прогулки учитывают их, ничего не скрывается.	До трьох. Прогулянки враховують їх, нічого не приховується.
Follow a place or a source from its page to hear when it lists something new.	Jälgi kohta või allikat selle lehelt, et kuulda, kui sinna lisandub midagi uut.	Подпишитесь на место или источник на его странице, чтобы узнавать о новых событиях.	Підпишіться на місце чи джерело на його сторінці, щоб дізнаватися про нові події.
Nothing yet. Notes about saved plans arrive here.	Veel mitte midagi. Siia jõuavad teated salvestatud plaanide kohta.	Пока ничего. Сюда приходят заметки о сохранённых планах.	Поки нічого. Сюди надходять нотатки про збережені плани.
Your saves and history stay in this browser. Signed in, they also live in your account until you delete it.	Salvestatu ja ajalugu jäävad sellesse brauserisse. Sisse logituna on need ka sinu kontol, kuni selle kustutad.	Сохранённое и история остаются в этом браузере. После входа они хранятся и в аккаунте, пока вы его не удалите.	Збережене та історія лишаються в цьому браузері. Після входу вони зберігаються й в акаунті, доки ви його не видалите.
On this device	Selles seadmes	На этом устройстве	На цьому пристрої
Waiting to sync	Ootab sünkroonimist	Ожидает синхронизации	Очікує синхронізації
Synced	Sünkroonitud	Синхронизировано	Синхронізовано
Walk your saves	Jaluta salvestatu läbi	Прогулка по сохранённому	Прогулянка збереженим
Nothing in this list yet. Add saves to it from their pages.	Selles nimekirjas pole veel midagi. Lisa salvestatu siia nende lehtedelt.	В этом списке пока пусто. Добавляйте сохранённое со страниц событий и мест.	У цьому списку поки порожньо. Додавайте збережене зі сторінок подій і місць.
Needs the app	Vajab rakendust	Нужно приложение	Потрібен застосунок
On	Sees	Вкл.	Увімк.
Off	Väljas	Выкл.	Вимк.
Clear filters	Eemalda filtrid	Сбросить фильтры	Скинути фільтри
Only confirmed free listings	Ainult kinnitatud tasuta sündmused	Только события с подтверждённым бесплатным входом	Лише події з підтвердженим безкоштовним входом
Wellness and spiritual	Heaolu ja vaimsus	Велнес и духовные практики	Велнес і духовні практики
Hobby classes	Hobitunnid	Хобби-занятия	Хобі-заняття
Self-help and social	Eneseabi ja suhtlus	Саморазвитие и общение	Саморозвиток і спілкування
Mainstream and commercial	Peavoolu ja kommerts	Мейнстрим и коммерция	Мейнстрим і комерція
Children's events	Lasteüritused	Детские события	Дитячі події
At a restaurant	Restoranis	В ресторане	У ресторані
At a hotel	Hotellis	В отеле	У готелі
At a yoga or wellness studio	Jooga- või heaolustuudios	В студии йоги или велнеса	У студії йоги чи велнесу
At a puppet theatre or youth centre	Nukuteatris või noortekeskuses	В кукольном театре или молодёжном центре	У ляльковому театрі чи молодіжному центрі
At an arena	Areenil	На арене	На арені
Dates read from a poster	Kuupäevad loetud plakatilt	Даты прочитаны с афиши	Дати прочитано з афіші
Trusted source, low fit	Usaldusväärne allikas, nõrk sobivus	Надёжный источник, слабое соответствие	Надійне джерело, слабка відповідність
Borderline fit	Piiripealne sobivus	Пограничное соответствие	Прикордонна відповідність
Other reasons	Muud põhjused	Другие причины	Інші причини
Reject this group	Lükka see rühm tagasi	Отклонить эту группу	Відхилити цю групу
Publish this group	Avalda see rühm	Опубликовать эту группу	Опублікувати цю групу
Yes, reject	Jah, lükka tagasi	Да, отклонить	Так, відхилити
Yes, publish	Jah, avalda	Да, опубликовать	Так, опублікувати
The next eight days also come as a feed for readers and newsletters:	Järgmised kaheksa päeva on ka voona lugejatele ja uudiskirjadele:	Ближайшие восемь дней есть и в виде ленты для читалок и рассылок:	Найближчі вісім днів є й у вигляді стрічки для читалок і розсилок:
Map of the walk	Jalutuskäigu kaart	Карта прогулки	Мапа прогулянки
